./reve_nestedMerge/EQ_AddEQ_UnchLoop/libA: unknown,0.0000   ; unknown,0.0000   ; unknown,0.0100  
./reve_nestedMerge/EQ_AddEQ_is_prime2/libA: unknown,0.0000   ; unknown,0.0000   ; unknown,0.0200  
./reve_nestedMerge/EQ_AddEQ_odd/libA: unknown,0.0000   ; unknown,0.0000   ; unknown,0.0100  
./reve_nestedMerge/EQ_AddEQ_pos/libA: unknown,0.0000   ; unknown,0.0000   ; unknown,0.0100  
./reve_nestedMerge/EQ_AddEQ_pos2/libA: unknown,0.0000   ; unknown,0.0000   ; not equiv,0.0300  
./reve_nestedMerge/EQ_AddEXTRA_ultra_prime_sum/libA: unknown,0.0000   ; unknown,0.0000   ; timeout,300.0000
./reve_nestedMerge/EQ_ConstEQ_UnchLoop/libA: unknown,0.0000   ; unknown,0.0000   ; unknown,0.0100  
./reve_nestedMerge/EQ_ConstEQ_is_prime2/libA: unknown,0.0000   ; unknown,0.0000   ; unknown,0.0200  
./reve_nestedMerge/EQ_ConstEQ_odd/libA: unknown,0.0000   ; unknown,0.0000   ; unknown,0.0100  
./reve_nestedMerge/EQ_ConstEQ_pos/libA: unknown,0.0000   ; unknown,0.0000   ; unknown,0.0100  
./reve_nestedMerge/EQ_ConstEQ_pos2/libA: unknown,0.0000   ; unknown,0.0000   ; not equiv,0.0200  
./reve_nestedMerge/EQ_ConstEXTRA_ultra_prime_sum/libA: unknown,0.0000   ; unknown,0.0000   ; timeout,300.0000
./reve_nestedMerge/EQ_LoopMult20EQ_UnchLoop/libA: unknown,0.0000   ; unknown,0.0000   ; unknown,0.0100  
./reve_nestedMerge/EQ_LoopMult20EQ_is_prime2/libA: unknown,0.0000   ; unknown,0.0000   ; unknown,0.0200  
./reve_nestedMerge/EQ_LoopMult20EQ_odd/libA: unknown,0.0000   ; unknown,0.0000   ; unknown,0.0100  
./reve_nestedMerge/EQ_LoopMult20EQ_pos/libA: unknown,0.0000   ; unknown,0.0000   ; unknown,0.0100  
./reve_nestedMerge/EQ_LoopMult20EQ_pos2/libA: unknown,0.0000   ; unknown,0.0000   ; not equiv,0.0300  
./reve_nestedMerge/EQ_LoopMult20EXTRA_ultra_prime_sum/libA: unknown,0.0000   ; unknown,0.0000   ; timeout,300.0000
./reve_nestedMerge/EQ_LoopUnreach20EQ_UnchLoop/libA: unknown,0.0000   ; unknown,0.0000   ; unknown,0.0100  
./reve_nestedMerge/EQ_LoopUnreach20EQ_is_prime2/libA: unknown,0.0000   ; unknown,0.0000   ; unknown,0.0200  
./reve_nestedMerge/EQ_LoopUnreach20EQ_odd/libA: unknown,0.0000   ; unknown,0.0000   ; unknown,0.0100  
./reve_nestedMerge/EQ_LoopUnreach20EQ_pos/libA: unknown,0.0000   ; unknown,0.0000   ; unknown,0.0100  
./reve_nestedMerge/EQ_LoopUnreach20EQ_pos2/libA: unknown,0.0000   ; unknown,0.0000   ; not equiv,0.0300  
./reve_nestedMerge/EQ_LoopUnreach20EXTRA_ultra_prime_sum/libA: unknown,0.0000   ; unknown,0.0000   ; timeout,300.0000
./reve_nestedMerge/EQ_UnchLoopEQ_Add/libA: unknown,0.0000   ; unknown,0.0000   ; unknown,0.0100  
./reve_nestedMerge/EQ_UnchLoopEQ_Const/libA: unknown,0.0000   ; unknown,0.0000   ; unknown,0.0100  
./reve_nestedMerge/EQ_UnchLoopEQ_LoopMult20/libA: unknown,0.0000   ; unknown,0.0000   ; equiv,0.0200  
./reve_nestedMerge/EQ_UnchLoopEQ_LoopUnreach20/libA: unknown,0.0000   ; unknown,0.0000   ; equiv,0.0200  
./reve_nestedMerge/EQ_UnchLoopEQ_UnchLoop/libA: unknown,0.0000   ; unknown,0.0000   ; unknown,0.0100  
./reve_nestedMerge/EQ_UnchLoopEQ_divide/libA: unknown,0.0000   ; unknown,0.0000   ; equiv,0.0200  
./reve_nestedMerge/EQ_UnchLoopEQ_getSign2/libA: unknown,0.0000   ; unknown,0.0000   ; equiv,0.0200  
./reve_nestedMerge/EQ_UnchLoopEQ_is_prime1/libA: unknown,0.0000   ; unknown,0.0000   ; unknown,0.0200  
./reve_nestedMerge/EQ_UnchLoopEQ_is_prime2/libA: unknown,0.0000   ; unknown,0.0000   ; unknown,0.0200  
./reve_nestedMerge/EQ_UnchLoopEQ_is_prime3/libA: unknown,0.0000   ; unknown,0.0000   ; unknown,0.0200  
./reve_nestedMerge/EQ_UnchLoopEQ_ltfive/libA: unknown,0.0000   ; unknown,0.0000   ; equiv,0.0200  
./reve_nestedMerge/EQ_UnchLoopEQ_ltfiveBound/libA: unknown,0.0000   ; unknown,0.0000   ; equiv,0.0200  
./reve_nestedMerge/EQ_UnchLoopEQ_multiple/libA: unknown,0.0000   ; unknown,0.0000   ; equiv,0.0200  
./reve_nestedMerge/EQ_UnchLoopEQ_multipleBound/libA: unknown,0.0000   ; unknown,0.0000   ; equiv,0.0200  
./reve_nestedMerge/EQ_UnchLoopEQ_odd/libA: unknown,0.0000   ; unknown,0.0000   ; unknown,0.0100  
./reve_nestedMerge/EQ_UnchLoopEQ_one/libA: unknown,0.0000   ; unknown,0.0000   ; not equiv,0.0200  
./reve_nestedMerge/EQ_UnchLoopEQ_oneBound/libA: unknown,0.0000   ; unknown,0.0000   ; equiv,0.0200  
./reve_nestedMerge/EQ_UnchLoopEQ_oneN2/libA: unknown,0.0000   ; unknown,0.0000   ; equiv,0.0200  
./reve_nestedMerge/EQ_UnchLoopEQ_pos/libA: unknown,0.0000   ; unknown,0.0000   ; unknown,0.0100  
./reve_nestedMerge/EQ_UnchLoopEQ_pos2/libA: unknown,0.0000   ; unknown,0.0000   ; not equiv,0.0300  
./reve_nestedMerge/EQ_UnchLoopEQ_pos3/libA: unknown,0.0000   ; unknown,0.0000   ; equiv,0.0200  
./reve_nestedMerge/EQ_UnchLoopEXTRA_ultra_prime_sum/libA: unknown,0.0000   ; unknown,0.0000   ; timeout,300.0000
./reve_nestedMerge/EQ_UnchLoopNEQ_LoopMult20/libA: unknown,0.0000   ; unknown,0.0000   ; equiv,0.0200  
./reve_nestedMerge/EQ_UnchLoopNEQ_LoopUnreach20/libA: unknown,0.0000   ; unknown,0.0000   ; equiv,0.0200  
./reve_nestedMerge/EQ_UnchLoopNEQ_getSign/libA: unknown,0.0000   ; unknown,0.0000   ; equiv,0.0200  
./reve_nestedMerge/EQ_divideEQ_UnchLoop/libA: unknown,0.0000   ; unknown,0.0000   ; unknown,0.0100  
./reve_nestedMerge/EQ_divideEQ_is_prime2/libA: unknown,0.0000   ; unknown,0.0000   ; unknown,0.0200  
./reve_nestedMerge/EQ_divideEQ_odd/libA: unknown,0.0000   ; unknown,0.0000   ; unknown,0.0100  
./reve_nestedMerge/EQ_divideEQ_pos/libA: unknown,0.0000   ; unknown,0.0000   ; unknown,0.0100  
./reve_nestedMerge/EQ_divideEQ_pos2/libA: unknown,0.0000   ; unknown,0.0000   ; not equiv,0.0300  
./reve_nestedMerge/EQ_divideEXTRA_ultra_prime_sum/libA: unknown,0.0000   ; unknown,0.0000   ; unknown,0.5300  
./reve_nestedMerge/EQ_getSign2EQ_UnchLoop/libA: unknown,0.0000   ; unknown,0.0000   ; unknown,0.0100  
./reve_nestedMerge/EQ_getSign2EQ_is_prime2/libA: unknown,0.0000   ; unknown,0.0000   ; unknown,0.0200  
./reve_nestedMerge/EQ_getSign2EQ_odd/libA: unknown,0.0000   ; unknown,0.0000   ; unknown,0.0100  
./reve_nestedMerge/EQ_getSign2EQ_pos/libA: unknown,0.0000   ; unknown,0.0000   ; unknown,0.0100  
./reve_nestedMerge/EQ_getSign2EQ_pos2/libA: unknown,0.0000   ; unknown,0.0000   ; not equiv,0.0200  
./reve_nestedMerge/EQ_getSign2EXTRA_ultra_prime_sum/libA: unknown,0.0000   ; unknown,0.0000   ; unknown,53.3700 
./reve_nestedMerge/EQ_is_prime1EQ_UnchLoop/libA: unknown,0.0000   ; unknown,0.0000   ; unknown,0.0100  
./reve_nestedMerge/EQ_is_prime1EQ_is_prime2/libA: unknown,0.0000   ; unknown,0.0000   ; unknown,0.0200  
./reve_nestedMerge/EQ_is_prime1EQ_odd/libA: unknown,0.0000   ; unknown,0.0000   ; unknown,0.0100  
./reve_nestedMerge/EQ_is_prime1EQ_pos/libA: unknown,0.0000   ; unknown,0.0000   ; unknown,0.0100  
./reve_nestedMerge/EQ_is_prime1EQ_pos2/libA: unknown,0.0000   ; unknown,0.0000   ; not equiv,0.0300  
./reve_nestedMerge/EQ_is_prime1EXTRA_ultra_prime_sum/libA: unknown,0.0000   ; unknown,0.0000   ; unknown,0.5200  
./reve_nestedMerge/EQ_is_prime2EQ_Add/libA: unknown,0.0000   ; unknown,0.0000   ; unknown,0.0100  
./reve_nestedMerge/EQ_is_prime2EQ_Const/libA: unknown,0.0000   ; unknown,0.0000   ; unknown,0.0100  
./reve_nestedMerge/EQ_is_prime2EQ_LoopMult20/libA: unknown,0.0000   ; unknown,0.0000   ; equiv,9.6200  
./reve_nestedMerge/EQ_is_prime2EQ_LoopUnreach20/libA: unknown,0.0000   ; unknown,0.0000   ; equiv,0.0200  
./reve_nestedMerge/EQ_is_prime2EQ_UnchLoop/libA: unknown,0.0000   ; unknown,0.0000   ; unknown,0.0100  
./reve_nestedMerge/EQ_is_prime2EQ_divide/libA: unknown,0.0000   ; unknown,0.0000   ; equiv,0.0200  
./reve_nestedMerge/EQ_is_prime2EQ_getSign2/libA: unknown,0.0000   ; unknown,0.0000   ; equiv,0.0200  
./reve_nestedMerge/EQ_is_prime2EQ_is_prime1/libA: unknown,0.0000   ; unknown,0.0000   ; unknown,0.0200  
./reve_nestedMerge/EQ_is_prime2EQ_is_prime2/libA: unknown,0.0000   ; unknown,0.0000   ; unknown,0.0200  
./reve_nestedMerge/EQ_is_prime2EQ_is_prime3/libA: unknown,0.0000   ; unknown,0.0000   ; unknown,0.0200  
./reve_nestedMerge/EQ_is_prime2EQ_ltfive/libA: unknown,0.0000   ; unknown,0.0000   ; equiv,0.0300  
./reve_nestedMerge/EQ_is_prime2EQ_ltfiveBound/libA: unknown,0.0000   ; unknown,0.0000   ; equiv,0.0500  
./reve_nestedMerge/EQ_is_prime2EQ_multiple/libA: unknown,0.0000   ; unknown,0.0000   ; equiv,0.0200  
./reve_nestedMerge/EQ_is_prime2EQ_multipleBound/libA: unknown,0.0000   ; unknown,0.0000   ; equiv,0.0300  
./reve_nestedMerge/EQ_is_prime2EQ_odd/libA: unknown,0.0000   ; unknown,0.0000   ; unknown,0.0100  
./reve_nestedMerge/EQ_is_prime2EQ_one/libA: unknown,0.0000   ; unknown,0.0000   ; not equiv,0.0300  
./reve_nestedMerge/EQ_is_prime2EQ_oneBound/libA: unknown,0.0000   ; unknown,0.0000   ; equiv,0.0400  
./reve_nestedMerge/EQ_is_prime2EQ_oneN2/libA: unknown,0.0000   ; unknown,0.0000   ; equiv,0.0200  
./reve_nestedMerge/EQ_is_prime2EQ_pos/libA: unknown,0.0000   ; unknown,0.0000   ; unknown,0.0100  
./reve_nestedMerge/EQ_is_prime2EQ_pos2/libA: unknown,0.0000   ; unknown,0.0000   ; not equiv,0.0400  
./reve_nestedMerge/EQ_is_prime2EQ_pos3/libA: unknown,0.0000   ; unknown,0.0000   ; equiv,0.0200  
./reve_nestedMerge/EQ_is_prime2EXTRA_ultra_prime_sum/libA: unknown,0.0000   ; unknown,0.0000   ; timeout,300.0000
./reve_nestedMerge/EQ_is_prime2NEQ_LoopMult20/libA: unknown,0.0000   ; unknown,0.0000   ; not equiv,0.1400  
./reve_nestedMerge/EQ_is_prime2NEQ_LoopUnreach20/libA: unknown,0.0000   ; unknown,0.0000   ; not equiv,0.0200  
./reve_nestedMerge/EQ_is_prime2NEQ_getSign/libA: unknown,0.0000   ; unknown,0.0000   ; equiv,0.0200  
./reve_nestedMerge/EQ_is_prime3EQ_UnchLoop/libA: unknown,0.0000   ; unknown,0.0000   ; unknown,0.0100  
./reve_nestedMerge/EQ_is_prime3EQ_is_prime2/libA: unknown,0.0000   ; unknown,0.0000   ; unknown,0.0200  
./reve_nestedMerge/EQ_is_prime3EQ_odd/libA: unknown,0.0000   ; unknown,0.0000   ; unknown,0.0100  
./reve_nestedMerge/EQ_is_prime3EQ_pos/libA: unknown,0.0000   ; unknown,0.0000   ; unknown,0.0100  
./reve_nestedMerge/EQ_is_prime3EQ_pos2/libA: unknown,0.0000   ; unknown,0.0000   ; unknown,0.0200  
./reve_nestedMerge/EQ_is_prime3EXTRA_ultra_prime_sum/libA: unknown,0.0000   ; unknown,0.0000   ; unknown,0.0200  
./reve_nestedMerge/EQ_ltfiveBoundEQ_UnchLoop/libA: unknown,0.0000   ; unknown,0.0000   ; unknown,0.0100  
./reve_nestedMerge/EQ_ltfiveBoundEQ_is_prime2/libA: unknown,0.0000   ; unknown,0.0000   ; unknown,0.0200  
./reve_nestedMerge/EQ_ltfiveBoundEQ_odd/libA: unknown,0.0000   ; unknown,0.0000   ; unknown,0.0100  
./reve_nestedMerge/EQ_ltfiveBoundEQ_pos/libA: unknown,0.0000   ; unknown,0.0000   ; unknown,0.0200  
./reve_nestedMerge/EQ_ltfiveBoundEQ_pos2/libA: unknown,0.0000   ; unknown,0.0000   ; not equiv,0.0700  
./reve_nestedMerge/EQ_ltfiveBoundEXTRA_ultra_prime_sum/libA: unknown,0.0000   ; unknown,0.0000   ; timeout,300.0000
./reve_nestedMerge/EQ_ltfiveEQ_UnchLoop/libA: unknown,0.0000   ; unknown,0.0000   ; unknown,0.0100  
./reve_nestedMerge/EQ_ltfiveEQ_is_prime2/libA: unknown,0.0000   ; unknown,0.0000   ; unknown,0.0200  
./reve_nestedMerge/EQ_ltfiveEQ_odd/libA: unknown,0.0000   ; unknown,0.0000   ; unknown,0.0100  
./reve_nestedMerge/EQ_ltfiveEQ_pos/libA: unknown,0.0000   ; unknown,0.0000   ; unknown,0.0100  
./reve_nestedMerge/EQ_ltfiveEQ_pos2/libA: unknown,0.0000   ; unknown,0.0000   ; not equiv,0.0500  
./reve_nestedMerge/EQ_ltfiveEXTRA_ultra_prime_sum/libA: unknown,0.0000   ; unknown,0.0000   ; unknown,1.1100  
./reve_nestedMerge/EQ_multipleBoundEQ_UnchLoop/libA: unknown,0.0000   ; unknown,0.0000   ; unknown,0.0100  
./reve_nestedMerge/EQ_multipleBoundEQ_is_prime2/libA: unknown,0.0000   ; unknown,0.0000   ; unknown,0.0200  
./reve_nestedMerge/EQ_multipleBoundEQ_odd/libA: unknown,0.0000   ; unknown,0.0000   ; unknown,0.0100  
./reve_nestedMerge/EQ_multipleBoundEQ_pos/libA: unknown,0.0000   ; unknown,0.0000   ; unknown,0.0100  
./reve_nestedMerge/EQ_multipleBoundEQ_pos2/libA: unknown,0.0000   ; unknown,0.0000   ; not equiv,0.0400  
./reve_nestedMerge/EQ_multipleBoundEXTRA_ultra_prime_sum/libA: unknown,0.0000   ; unknown,0.0000   ; timeout,300.0000
./reve_nestedMerge/EQ_multipleEQ_UnchLoop/libA: unknown,0.0000   ; unknown,0.0000   ; unknown,0.0100  
./reve_nestedMerge/EQ_multipleEQ_is_prime2/libA: unknown,0.0000   ; unknown,0.0000   ; unknown,0.0200  
./reve_nestedMerge/EQ_multipleEQ_odd/libA: unknown,0.0000   ; unknown,0.0000   ; unknown,0.0100  
./reve_nestedMerge/EQ_multipleEQ_pos/libA: unknown,0.0000   ; unknown,0.0000   ; unknown,0.0100  
./reve_nestedMerge/EQ_multipleEQ_pos2/libA: unknown,0.0000   ; unknown,0.0000   ; not equiv,0.0300  
./reve_nestedMerge/EQ_multipleEXTRA_ultra_prime_sum/libA: unknown,0.0000   ; unknown,0.0000   ; timeout,300.0000
./reve_nestedMerge/EQ_oddEQ_Add/libA: unknown,0.0000   ; unknown,0.0000   ; unknown,0.0100  
./reve_nestedMerge/EQ_oddEQ_Const/libA: unknown,0.0000   ; unknown,0.0000   ; unknown,0.0100  
./reve_nestedMerge/EQ_oddEQ_LoopMult20/libA: unknown,0.0000   ; unknown,0.0000   ; timeout,300.0000
./reve_nestedMerge/EQ_oddEQ_LoopUnreach20/libA: unknown,0.0000   ; unknown,0.0000   ; equiv,0.0200  
./reve_nestedMerge/EQ_oddEQ_UnchLoop/libA: unknown,0.0000   ; unknown,0.0000   ; unknown,0.0100  
./reve_nestedMerge/EQ_oddEQ_divide/libA: unknown,0.0000   ; unknown,0.0000   ; equiv,0.0200  
./reve_nestedMerge/EQ_oddEQ_getSign2/libA: unknown,0.0000   ; unknown,0.0000   ; equiv,0.0200  
./reve_nestedMerge/EQ_oddEQ_is_prime1/libA: unknown,0.0000   ; unknown,0.0000   ; unknown,0.0100  
./reve_nestedMerge/EQ_oddEQ_is_prime2/libA: unknown,0.0000   ; unknown,0.0000   ; unknown,0.0200  
./reve_nestedMerge/EQ_oddEQ_is_prime3/libA: unknown,0.0000   ; unknown,0.0000   ; unknown,0.0200  
./reve_nestedMerge/EQ_oddEQ_ltfive/libA: unknown,0.0000   ; unknown,0.0000   ; equiv,0.0200  
./reve_nestedMerge/EQ_oddEQ_ltfiveBound/libA: unknown,0.0000   ; unknown,0.0000   ; equiv,0.0300  
./reve_nestedMerge/EQ_oddEQ_multiple/libA: unknown,0.0000   ; unknown,0.0000   ; equiv,0.0200  
./reve_nestedMerge/EQ_oddEQ_multipleBound/libA: unknown,0.0000   ; unknown,0.0000   ; equiv,0.0200  
./reve_nestedMerge/EQ_oddEQ_odd/libA: unknown,0.0000   ; unknown,0.0000   ; unknown,0.0100  
./reve_nestedMerge/EQ_oddEQ_one/libA: unknown,0.0000   ; unknown,0.0000   ; not equiv,0.0200  
./reve_nestedMerge/EQ_oddEQ_oneBound/libA: unknown,0.0000   ; unknown,0.0000   ; equiv,0.0200  
./reve_nestedMerge/EQ_oddEQ_oneN2/libA: unknown,0.0000   ; unknown,0.0000   ; equiv,0.0200  
./reve_nestedMerge/EQ_oddEQ_pos/libA: unknown,0.0000   ; unknown,0.0000   ; unknown,0.0100  
./reve_nestedMerge/EQ_oddEQ_pos2/libA: unknown,0.0000   ; unknown,0.0000   ; not equiv,0.0200  
./reve_nestedMerge/EQ_oddEQ_pos3/libA: unknown,0.0000   ; unknown,0.0000   ; equiv,0.0200  
./reve_nestedMerge/EQ_oddEXTRA_ultra_prime_sum/libA: unknown,0.0000   ; unknown,0.0000   ; unknown,0.5100  
./reve_nestedMerge/EQ_oddNEQ_LoopMult20/libA: unknown,0.0000   ; unknown,0.0000   ; equiv,2.5900  
./reve_nestedMerge/EQ_oddNEQ_LoopUnreach20/libA: unknown,0.0000   ; unknown,0.0000   ; not equiv,0.0200  
./reve_nestedMerge/EQ_oddNEQ_getSign/libA: unknown,0.0000   ; unknown,0.0000   ; not equiv,0.0200  
./reve_nestedMerge/EQ_oneBoundEQ_UnchLoop/libA: unknown,0.0000   ; unknown,0.0000   ; unknown,0.0100  
./reve_nestedMerge/EQ_oneBoundEQ_is_prime2/libA: unknown,0.0000   ; unknown,0.0000   ; unknown,0.0300  
./reve_nestedMerge/EQ_oneBoundEQ_odd/libA: unknown,0.0000   ; unknown,0.0000   ; unknown,0.0100  
./reve_nestedMerge/EQ_oneBoundEQ_pos/libA: unknown,0.0000   ; unknown,0.0000   ; unknown,0.0100  
./reve_nestedMerge/EQ_oneBoundEQ_pos2/libA: unknown,0.0000   ; unknown,0.0000   ; not equiv,0.0800  
./reve_nestedMerge/EQ_oneBoundEXTRA_ultra_prime_sum/libA: unknown,0.0000   ; unknown,0.0000   ; timeout,300.0000
./reve_nestedMerge/EQ_oneEQ_UnchLoop/libA: unknown,0.0000   ; unknown,0.0000   ; unknown,0.0100  
./reve_nestedMerge/EQ_oneEQ_is_prime2/libA: unknown,0.0000   ; unknown,0.0000   ; unknown,0.0200  
./reve_nestedMerge/EQ_oneEQ_odd/libA: unknown,0.0000   ; unknown,0.0000   ; unknown,0.0100  
./reve_nestedMerge/EQ_oneEQ_pos/libA: unknown,0.0000   ; unknown,0.0000   ; unknown,0.0100  
./reve_nestedMerge/EQ_oneEQ_pos2/libA: unknown,0.0000   ; unknown,0.0000   ; not equiv,0.0600  
./reve_nestedMerge/EQ_oneEXTRA_ultra_prime_sum/libA: unknown,0.0000   ; unknown,0.0000   ; equiv,3.6400  
./reve_nestedMerge/EQ_oneN2EQ_UnchLoop/libA: unknown,0.0000   ; unknown,0.0000   ; unknown,0.0100  
./reve_nestedMerge/EQ_oneN2EQ_is_prime2/libA: unknown,0.0000   ; unknown,0.0000   ; unknown,0.0300  
./reve_nestedMerge/EQ_oneN2EQ_odd/libA: unknown,0.0000   ; unknown,0.0000   ; unknown,0.0100  
./reve_nestedMerge/EQ_oneN2EQ_pos/libA: unknown,0.0000   ; unknown,0.0000   ; unknown,0.0100  
./reve_nestedMerge/EQ_oneN2EQ_pos2/libA: unknown,0.0000   ; unknown,0.0000   ; not equiv,0.0600  
./reve_nestedMerge/EQ_oneN2EXTRA_ultra_prime_sum/libA: unknown,0.0000   ; unknown,0.0000   ; equiv,3.6400  
./reve_nestedMerge/EQ_pos2EQ_Add/libA: unknown,0.0000   ; unknown,0.0000   ; unknown,0.0100  
./reve_nestedMerge/EQ_pos2EQ_Const/libA: unknown,0.0000   ; unknown,0.0000   ; unknown,0.0100  
./reve_nestedMerge/EQ_pos2EQ_LoopMult20/libA: unknown,0.0000   ; unknown,0.0000   ; equiv,0.0300  
./reve_nestedMerge/EQ_pos2EQ_LoopUnreach20/libA: unknown,0.0000   ; unknown,0.0000   ; equiv,0.0200  
./reve_nestedMerge/EQ_pos2EQ_UnchLoop/libA: unknown,0.0000   ; unknown,0.0000   ; unknown,0.0100  
./reve_nestedMerge/EQ_pos2EQ_divide/libA: unknown,0.0000   ; unknown,0.0000   ; equiv,0.0200  
./reve_nestedMerge/EQ_pos2EQ_getSign2/libA: unknown,0.0000   ; unknown,0.0000   ; equiv,0.0200  
./reve_nestedMerge/EQ_pos2EQ_is_prime1/libA: unknown,0.0000   ; unknown,0.0000   ; unknown,0.0200  
./reve_nestedMerge/EQ_pos2EQ_is_prime2/libA: unknown,0.0000   ; unknown,0.0000   ; unknown,0.0200  
./reve_nestedMerge/EQ_pos2EQ_is_prime3/libA: unknown,0.0000   ; unknown,0.0000   ; unknown,0.0200  
./reve_nestedMerge/EQ_pos2EQ_ltfive/libA: unknown,0.0000   ; unknown,0.0000   ; equiv,0.0300  
./reve_nestedMerge/EQ_pos2EQ_ltfiveBound/libA: unknown,0.0000   ; unknown,0.0000   ; equiv,0.0600  
./reve_nestedMerge/EQ_pos2EQ_multiple/libA: unknown,0.0000   ; unknown,0.0000   ; equiv,0.0200  
./reve_nestedMerge/EQ_pos2EQ_multipleBound/libA: unknown,0.0000   ; unknown,0.0000   ; equiv,0.0300  
./reve_nestedMerge/EQ_pos2EQ_odd/libA: unknown,0.0000   ; unknown,0.0000   ; unknown,0.0100  
./reve_nestedMerge/EQ_pos2EQ_one/libA: unknown,0.0000   ; unknown,0.0000   ; not equiv,0.0200  
./reve_nestedMerge/EQ_pos2EQ_oneBound/libA: unknown,0.0000   ; unknown,0.0000   ; equiv,0.0400  
./reve_nestedMerge/EQ_pos2EQ_oneN2/libA: unknown,0.0000   ; unknown,0.0000   ; equiv,0.0300  
./reve_nestedMerge/EQ_pos2EQ_pos/libA: unknown,0.0000   ; unknown,0.0000   ; unknown,0.0100  
./reve_nestedMerge/EQ_pos2EQ_pos2/libA: unknown,0.0000   ; unknown,0.0000   ; not equiv,0.0400  
./reve_nestedMerge/EQ_pos2EQ_pos3/libA: unknown,0.0000   ; unknown,0.0000   ; equiv,0.0200  
./reve_nestedMerge/EQ_pos2EXTRA_ultra_prime_sum/libA: unknown,0.0000   ; unknown,0.0000   ; timeout,300.0000
./reve_nestedMerge/EQ_pos2NEQ_LoopMult20/libA: unknown,0.0000   ; unknown,0.0000   ; equiv,0.0300  
./reve_nestedMerge/EQ_pos2NEQ_LoopUnreach20/libA: unknown,0.0000   ; unknown,0.0000   ; equiv,0.0200  
./reve_nestedMerge/EQ_pos2NEQ_getSign/libA: unknown,0.0000   ; unknown,0.0000   ; not equiv,0.0200  
./reve_nestedMerge/EQ_pos3EQ_UnchLoop/libA: unknown,0.0000   ; unknown,0.0000   ; unknown,0.0100  
./reve_nestedMerge/EQ_pos3EQ_is_prime2/libA: unknown,0.0000   ; unknown,0.0000   ; unknown,0.0200  
./reve_nestedMerge/EQ_pos3EQ_odd/libA: unknown,0.0000   ; unknown,0.0000   ; unknown,0.0100  
./reve_nestedMerge/EQ_pos3EQ_pos/libA: unknown,0.0000   ; unknown,0.0000   ; unknown,0.0100  
./reve_nestedMerge/EQ_pos3EQ_pos2/libA: unknown,0.0000   ; unknown,0.0000   ; unknown,0.0100  
./reve_nestedMerge/EQ_pos3EXTRA_ultra_prime_sum/libA: unknown,0.0000   ; unknown,0.0000   ; equiv,0.0600  
./reve_nestedMerge/EQ_posEQ_Add/libA: unknown,0.0000   ; unknown,0.0000   ; unknown,0.0100  
./reve_nestedMerge/EQ_posEQ_Const/libA: unknown,0.0000   ; unknown,0.0000   ; unknown,0.0100  
./reve_nestedMerge/EQ_posEQ_LoopMult20/libA: unknown,0.0000   ; unknown,0.0000   ; equiv,0.0300  
./reve_nestedMerge/EQ_posEQ_LoopUnreach20/libA: unknown,0.0000   ; unknown,0.0000   ; equiv,0.0200  
./reve_nestedMerge/EQ_posEQ_UnchLoop/libA: unknown,0.0000   ; unknown,0.0000   ; unknown,0.0100  
./reve_nestedMerge/EQ_posEQ_divide/libA: unknown,0.0000   ; unknown,0.0000   ; equiv,0.0300  
./reve_nestedMerge/EQ_posEQ_getSign2/libA: unknown,0.0000   ; unknown,0.0000   ; equiv,0.0200  
./reve_nestedMerge/EQ_posEQ_is_prime1/libA: unknown,0.0000   ; unknown,0.0000   ; unknown,0.0200  
./reve_nestedMerge/EQ_posEQ_is_prime2/libA: unknown,0.0000   ; unknown,0.0000   ; unknown,0.0200  
./reve_nestedMerge/EQ_posEQ_is_prime3/libA: unknown,0.0000   ; unknown,0.0000   ; unknown,0.0200  
./reve_nestedMerge/EQ_posEQ_ltfive/libA: unknown,0.0000   ; unknown,0.0000   ; equiv,0.0300  
./reve_nestedMerge/EQ_posEQ_ltfiveBound/libA: unknown,0.0000   ; unknown,0.0000   ; equiv,0.0600  
./reve_nestedMerge/EQ_posEQ_multiple/libA: unknown,0.0000   ; unknown,0.0000   ; equiv,0.0200  
./reve_nestedMerge/EQ_posEQ_multipleBound/libA: unknown,0.0000   ; unknown,0.0000   ; equiv,0.0300  
./reve_nestedMerge/EQ_posEQ_odd/libA: unknown,0.0000   ; unknown,0.0000   ; unknown,0.0100  
./reve_nestedMerge/EQ_posEQ_one/libA: unknown,0.0000   ; unknown,0.0000   ; not equiv,0.0300  
./reve_nestedMerge/EQ_posEQ_oneBound/libA: unknown,0.0000   ; unknown,0.0000   ; equiv,0.0400  
./reve_nestedMerge/EQ_posEQ_oneN2/libA: unknown,0.0000   ; unknown,0.0000   ; equiv,0.0200  
./reve_nestedMerge/EQ_posEQ_pos/libA: unknown,0.0000   ; unknown,0.0000   ; unknown,0.0100  
./reve_nestedMerge/EQ_posEQ_pos2/libA: unknown,0.0000   ; unknown,0.0000   ; not equiv,0.0400  
./reve_nestedMerge/EQ_posEQ_pos3/libA: unknown,0.0000   ; unknown,0.0000   ; equiv,0.0200  
./reve_nestedMerge/EQ_posEXTRA_ultra_prime_sum/libA: unknown,0.0000   ; unknown,0.0000   ; timeout,300.0000
./reve_nestedMerge/EQ_posNEQ_LoopMult20/libA: unknown,0.0000   ; unknown,0.0000   ; equiv,0.0300  
./reve_nestedMerge/EQ_posNEQ_LoopUnreach20/libA: unknown,0.0000   ; unknown,0.0000   ; equiv,0.0200  
./reve_nestedMerge/EQ_posNEQ_getSign/libA: unknown,0.0000   ; unknown,0.0000   ; not equiv,0.0200  
./reve_nestedMerge/EXTRA_ultra_prime_sumEQ_Add/libA: unknown,0.0000   ; unknown,0.0000   ; unknown,0.0100  
./reve_nestedMerge/EXTRA_ultra_prime_sumEQ_Const/libA: unknown,0.0000   ; unknown,0.0000   ; unknown,0.0100  
./reve_nestedMerge/EXTRA_ultra_prime_sumEQ_LoopMult20/libA: unknown,0.0000   ; unknown,0.0000   ; timeout,300.0000
./reve_nestedMerge/EXTRA_ultra_prime_sumEQ_LoopUnreach20/libA: unknown,0.0000   ; unknown,0.0000   ; equiv,0.0300  
./reve_nestedMerge/EXTRA_ultra_prime_sumEQ_UnchLoop/libA: unknown,0.0000   ; unknown,0.0000   ; unknown,0.0100  
./reve_nestedMerge/EXTRA_ultra_prime_sumEQ_divide/libA: unknown,0.0000   ; unknown,0.0000   ; equiv,0.0400  
./reve_nestedMerge/EXTRA_ultra_prime_sumEQ_getSign2/libA: unknown,0.0000   ; unknown,0.0000   ; equiv,0.0300  
./reve_nestedMerge/EXTRA_ultra_prime_sumEQ_is_prime1/libA: unknown,0.0000   ; unknown,0.0000   ; unknown,0.0200  
./reve_nestedMerge/EXTRA_ultra_prime_sumEQ_is_prime2/libA: unknown,0.0000   ; unknown,0.0000   ; unknown,0.0300  
./reve_nestedMerge/EXTRA_ultra_prime_sumEQ_is_prime3/libA: unknown,0.0000   ; unknown,0.0000   ; unknown,0.0200  
./reve_nestedMerge/EXTRA_ultra_prime_sumEQ_ltfive/libA: unknown,0.0000   ; unknown,0.0000   ; equiv,0.0500  
./reve_nestedMerge/EXTRA_ultra_prime_sumEQ_ltfiveBound/libA: unknown,0.0000   ; unknown,0.0000   ; equiv,0.0800  
./reve_nestedMerge/EXTRA_ultra_prime_sumEQ_multiple/libA: unknown,0.0000   ; unknown,0.0000   ; equiv,0.0200  
./reve_nestedMerge/EXTRA_ultra_prime_sumEQ_multipleBound/libA: unknown,0.0000   ; unknown,0.0000   ; equiv,0.0400  
./reve_nestedMerge/EXTRA_ultra_prime_sumEQ_odd/libA: unknown,0.0000   ; unknown,0.0000   ; unknown,0.0100  
./reve_nestedMerge/EXTRA_ultra_prime_sumEQ_one/libA: unknown,0.0000   ; unknown,0.0000   ; not equiv,0.0300  
./reve_nestedMerge/EXTRA_ultra_prime_sumEQ_oneBound/libA: unknown,0.0000   ; unknown,0.0000   ; equiv,0.0500  
./reve_nestedMerge/EXTRA_ultra_prime_sumEQ_oneN2/libA: unknown,0.0000   ; unknown,0.0000   ; equiv,0.0400  
./reve_nestedMerge/EXTRA_ultra_prime_sumEQ_pos/libA: unknown,0.0000   ; unknown,0.0000   ; unknown,0.0100  
./reve_nestedMerge/EXTRA_ultra_prime_sumEQ_pos2/libA: unknown,0.0000   ; unknown,0.0000   ; equiv,0.1000  
./reve_nestedMerge/EXTRA_ultra_prime_sumEQ_pos3/libA: unknown,0.0000   ; unknown,0.0000   ; equiv,0.0300  
./reve_nestedMerge/EXTRA_ultra_prime_sumEXTRA_ultra_prime_sum/libA: unknown,0.0000   ; unknown,0.0000   ; unknown,0.0100  
./reve_nestedMerge/EXTRA_ultra_prime_sumNEQ_LoopMult20/libA: unknown,0.0000   ; unknown,0.0000   ; timeout,300.0000
./reve_nestedMerge/EXTRA_ultra_prime_sumNEQ_LoopUnreach20/libA: unknown,0.0000   ; unknown,0.0000   ; not equiv,0.1500  
./reve_nestedMerge/EXTRA_ultra_prime_sumNEQ_getSign/libA: unknown,0.0000   ; unknown,0.0000   ; not equiv,0.0200  
./reve_nestedMerge/NEQ_LoopMult20EQ_UnchLoop/libA: unknown,0.0000   ; unknown,0.0000   ; unknown,0.0100  
./reve_nestedMerge/NEQ_LoopMult20EQ_is_prime2/libA: unknown,0.0000   ; unknown,0.0000   ; unknown,0.0200  
./reve_nestedMerge/NEQ_LoopMult20EQ_odd/libA: unknown,0.0000   ; unknown,0.0000   ; unknown,0.0100  
./reve_nestedMerge/NEQ_LoopMult20EQ_pos/libA: unknown,0.0000   ; unknown,0.0000   ; unknown,0.0100  
./reve_nestedMerge/NEQ_LoopMult20EQ_pos2/libA: unknown,0.0000   ; unknown,0.0000   ; not equiv,0.0300  
./reve_nestedMerge/NEQ_LoopMult20EXTRA_ultra_prime_sum/libA: unknown,0.0000   ; unknown,0.0000   ; timeout,300.0000
./reve_nestedMerge/NEQ_LoopUnreach20EQ_UnchLoop/libA: unknown,0.0000   ; unknown,0.0000   ; unknown,0.0100  
./reve_nestedMerge/NEQ_LoopUnreach20EQ_is_prime2/libA: unknown,0.0000   ; unknown,0.0000   ; unknown,0.0200  
./reve_nestedMerge/NEQ_LoopUnreach20EQ_odd/libA: unknown,0.0000   ; unknown,0.0000   ; unknown,0.0100  
./reve_nestedMerge/NEQ_LoopUnreach20EQ_pos/libA: unknown,0.0000   ; unknown,0.0000   ; unknown,0.0100  
./reve_nestedMerge/NEQ_LoopUnreach20EQ_pos2/libA: unknown,0.0000   ; unknown,0.0000   ; not equiv,0.0300  
./reve_nestedMerge/NEQ_LoopUnreach20EXTRA_ultra_prime_sum/libA: unknown,0.0000   ; unknown,0.0000   ; timeout,300.0000
./reve_nestedMerge/NEQ_getSignEQ_UnchLoop/libA: unknown,0.0000   ; unknown,0.0000   ; unknown,0.0100  
./reve_nestedMerge/NEQ_getSignEQ_is_prime2/libA: unknown,0.0000   ; unknown,0.0000   ; unknown,0.0200  
./reve_nestedMerge/NEQ_getSignEQ_odd/libA: unknown,0.0000   ; unknown,0.0000   ; unknown,0.0100  
./reve_nestedMerge/NEQ_getSignEQ_pos/libA: unknown,0.0000   ; unknown,0.0000   ; unknown,0.0100  
./reve_nestedMerge/NEQ_getSignEQ_pos2/libA: unknown,0.0000   ; unknown,0.0000   ; not equiv,0.0200  
./reve_nestedMerge/NEQ_getSignEXTRA_ultra_prime_sum/libA: unknown,0.0000   ; unknown,0.0000   ; unknown,0.5000  
