./nestedMerge/EQ_AddEQ_UnchLoop/libA: equiv,40.2866  ; unknown,0.0000   ; equiv,0.1043   ; equiv,0.1300  
./nestedMerge/EQ_AddEQ_is_prime2/libA: equiv,2.1143   ; unknown,0.0000   ; equiv,0.0956   ; unknown,0.0200  
./nestedMerge/EQ_AddEQ_odd/libA: equiv,0.8426   ; unknown,0.0000   ; equiv,0.0858   ; unknown,0.0100  
./nestedMerge/EQ_AddEQ_pos/libA: equiv,11.1459  ; unknown,0.0000   ; equiv,0.1034   ; unknown,0.0100  
./nestedMerge/EQ_AddEQ_pos2/libA: equiv,0.2435   ; unknown,0.0000   ; equiv,0.0876   ; not equiv,0.0300  
./nestedMerge/EQ_AddEXTRA_ultra_prime_sum/libA: equiv,78.8790  ; unknown,0.0000   ; equiv,0.1080   ; timeout,300.0000
./nestedMerge/EQ_ConstEQ_UnchLoop/libA: equiv,40.3071  ; unknown,0.0000   ; equiv,0.1016   ; equiv,0.1300  
./nestedMerge/EQ_ConstEQ_is_prime2/libA: equiv,2.0090   ; unknown,0.0000   ; equiv,0.0941   ; unknown,0.0200  
./nestedMerge/EQ_ConstEQ_odd/libA: equiv,0.8266   ; unknown,0.0000   ; equiv,0.0843   ; unknown,0.0100  
./nestedMerge/EQ_ConstEQ_pos/libA: equiv,11.1390  ; unknown,0.0000   ; equiv,0.1043   ; unknown,0.0100  
./nestedMerge/EQ_ConstEQ_pos2/libA: equiv,0.2504   ; unknown,0.0000   ; equiv,0.0866   ; not equiv,0.0300  
./nestedMerge/EQ_ConstEXTRA_ultra_prime_sum/libA: equiv,77.9194  ; unknown,0.0000   ; equiv,0.1100   ; timeout,300.0000
./nestedMerge/EQ_LoopMult20EQ_UnchLoop/libA: equiv,40.3070  ; unknown,0.0000   ; equiv,0.1402   ; equiv,0.1400  
./nestedMerge/EQ_LoopMult20EQ_is_prime2/libA: not equiv,1.2215   ; unknown,0.0000   ; not equiv,0.4175   ; unknown,0.0200  
./nestedMerge/EQ_LoopMult20EQ_odd/libA: equiv,1.1408   ; unknown,0.0000   ; equiv,0.2521   ; unknown,0.0100  
./nestedMerge/EQ_LoopMult20EQ_pos/libA: equiv,0.6866   ; unknown,0.0000   ; equiv,0.4245   ; unknown,0.0100  
./nestedMerge/EQ_LoopMult20EQ_pos2/libA: equiv,0.2907   ; unknown,0.0000   ; equiv,0.4270   ; not equiv,0.0300  
./nestedMerge/EQ_LoopMult20EXTRA_ultra_prime_sum/libA: equiv,78.0586  ; unknown,0.0000   ; equiv,0.4089   ; timeout,300.0000
./nestedMerge/EQ_LoopUnreach20EQ_UnchLoop/libA: equiv,40.2979  ; unknown,0.0000   ; equiv,0.1398   ; equiv,0.1400  
./nestedMerge/EQ_LoopUnreach20EQ_is_prime2/libA: not equiv,1.2100   ; unknown,0.0000   ; not equiv,0.4139   ; unknown,0.0200  
./nestedMerge/EQ_LoopUnreach20EQ_odd/libA: equiv,1.1301   ; unknown,0.0000   ; equiv,0.2510   ; unknown,0.0100  
./nestedMerge/EQ_LoopUnreach20EQ_pos/libA: equiv,0.6917   ; unknown,0.0000   ; equiv,0.4251   ; unknown,0.0100  
./nestedMerge/EQ_LoopUnreach20EQ_pos2/libA: equiv,0.2883   ; unknown,0.0000   ; equiv,0.4288   ; not equiv,0.0300  
./nestedMerge/EQ_LoopUnreach20EXTRA_ultra_prime_sum/libA: equiv,83.8505  ; unknown,0.0000   ; equiv,0.4192   ; timeout,300.0000
./nestedMerge/EQ_UnchLoopEQ_Add/libA: equiv,0.1666   ; unknown,0.0000   ; equiv,0.0977   ; equiv,0.0300  
./nestedMerge/EQ_UnchLoopEQ_Const/libA: equiv,0.1461   ; unknown,0.0000   ; equiv,0.0987   ; equiv,0.0300  
./nestedMerge/EQ_UnchLoopEQ_LoopMult20/libA: equiv,1.0226   ; unknown,0.0000   ; equiv,0.0996   ; equiv,0.0300  
./nestedMerge/EQ_UnchLoopEQ_LoopUnreach20/libA: equiv,1.0431   ; unknown,0.0000   ; equiv,0.1030   ; equiv,0.0300  
./nestedMerge/EQ_UnchLoopEQ_UnchLoop/libA: equiv,40.2578  ; unknown,0.0000   ; equiv,0.1044   ; equiv,0.1300  
./nestedMerge/EQ_UnchLoopEQ_divide/libA: equiv,0.1665   ; unknown,0.0000   ; equiv,0.0867   ; equiv,0.0200  
./nestedMerge/EQ_UnchLoopEQ_getSign2/libA: equiv,0.7793   ; unknown,0.0000   ; equiv,0.0869   ; equiv,0.0200  
./nestedMerge/EQ_UnchLoopEQ_is_prime1/libA: equiv,0.9848   ; unknown,0.0000   ; equiv,0.0929   ; unknown,0.0200  
./nestedMerge/EQ_UnchLoopEQ_is_prime2/libA: equiv,2.0177   ; unknown,0.0000   ; equiv,0.0949   ; unknown,0.0200  
./nestedMerge/EQ_UnchLoopEQ_is_prime3/libA: equiv,1.2789   ; unknown,0.0000   ; equiv,0.1013   ; unknown,0.0200  
./nestedMerge/EQ_UnchLoopEQ_ltfive/libA: equiv,1.0912   ; unknown,0.0000   ; equiv,0.0864   ; equiv,0.0200  
./nestedMerge/EQ_UnchLoopEQ_ltfiveBound/libA: equiv,0.4332   ; unknown,0.0000   ; equiv,0.0898   ; equiv,0.0300  
./nestedMerge/EQ_UnchLoopEQ_multiple/libA: equiv,0.7936   ; unknown,0.0000   ; equiv,0.0842   ; equiv,0.0200  
./nestedMerge/EQ_UnchLoopEQ_multipleBound/libA: equiv,0.8200   ; unknown,0.0000   ; equiv,0.0864   ; equiv,0.0200  
./nestedMerge/EQ_UnchLoopEQ_odd/libA: equiv,0.8271   ; unknown,0.0000   ; equiv,0.0849   ; unknown,0.0100  
./nestedMerge/EQ_UnchLoopEQ_one/libA: not equiv,0.6026   ; unknown,0.0000   ; not equiv,0.0898   ; not equiv,0.0200  
./nestedMerge/EQ_UnchLoopEQ_oneBound/libA: equiv,0.4197   ; unknown,0.0000   ; equiv,0.0889   ; equiv,0.0200  
./nestedMerge/EQ_UnchLoopEQ_oneN2/libA: equiv,1.0695   ; unknown,0.0000   ; equiv,0.0860   ; equiv,0.0200  
./nestedMerge/EQ_UnchLoopEQ_pos/libA: equiv,11.1416  ; unknown,0.0000   ; equiv,0.1028   ; unknown,0.0100  
./nestedMerge/EQ_UnchLoopEQ_pos2/libA: equiv,0.2424   ; unknown,0.0000   ; equiv,0.0969   ; not equiv,0.0300  
./nestedMerge/EQ_UnchLoopEQ_pos3/libA: equiv,0.7708   ; unknown,0.0000   ; equiv,0.0852   ; equiv,0.0200  
./nestedMerge/EQ_UnchLoopEXTRA_ultra_prime_sum/libA: equiv,78.5673  ; unknown,0.0000   ; equiv,0.1075   ; timeout,300.0000
./nestedMerge/EQ_UnchLoopNEQ_LoopMult20/libA: equiv,1.0412   ; unknown,0.0000   ; equiv,0.1009   ; equiv,0.0300  
./nestedMerge/EQ_UnchLoopNEQ_LoopUnreach20/libA: equiv,0.9031   ; unknown,0.0000   ; equiv,0.1033   ; equiv,0.0300  
./nestedMerge/EQ_UnchLoopNEQ_getSign/libA: equiv,0.9389   ; unknown,0.0000   ; equiv,0.1030   ; equiv,0.0300  
./nestedMerge/EQ_divideEQ_UnchLoop/libA: equiv,40.3020  ; unknown,0.0000   ; equiv,0.1318   ; equiv,0.1400  
./nestedMerge/EQ_divideEQ_is_prime2/libA: not equiv,1.5774   ; unknown,0.0000   ; not equiv,0.7788   ; unknown,0.0200  
./nestedMerge/EQ_divideEQ_odd/libA: equiv,12.5610  ; unknown,0.0000   ; timeout,300.0000 ; unknown,0.0100  
./nestedMerge/EQ_divideEQ_pos/libA: equiv,22.4149  ; unknown,0.0000   ; timeout,300.0000 ; unknown,0.0200  
./nestedMerge/EQ_divideEQ_pos2/libA: equiv,0.3241   ; unknown,0.0000   ; timeout,300.0000 ; not equiv,0.0400  
./nestedMerge/EQ_divideEXTRA_ultra_prime_sum/libA: equiv,76.5784  ; unknown,0.0000   ; timeout,300.0000 ; unknown,0.2400  
./nestedMerge/EQ_getSign2EQ_UnchLoop/libA: equiv,40.3031  ; unknown,0.0000   ; equiv,0.1257   ; equiv,0.1400  
./nestedMerge/EQ_getSign2EQ_is_prime2/libA: not equiv,1.4855   ; unknown,0.0000   ; not equiv,0.7025   ; unknown,0.0200  
./nestedMerge/EQ_getSign2EQ_odd/libA: equiv,11.1230  ; unknown,0.0000   ; equiv,14.8703  ; unknown,0.0100  
./nestedMerge/EQ_getSign2EQ_pos/libA: equiv,21.9741  ; unknown,0.0000   ; timeout,300.0000 ; unknown,0.0200  
./nestedMerge/EQ_getSign2EQ_pos2/libA: equiv,0.3233   ; unknown,0.0000   ; timeout,300.0000 ; not equiv,0.0300  
./nestedMerge/EQ_getSign2EXTRA_ultra_prime_sum/libA: equiv,82.5904  ; unknown,0.0000   ; timeout,300.0000 ; unknown,1.6100  
./nestedMerge/EQ_is_prime1EQ_UnchLoop/libA: equiv,40.3122  ; unknown,0.0000   ; equiv,0.1038   ; equiv,0.1300  
./nestedMerge/EQ_is_prime1EQ_is_prime2/libA: not equiv,1.5146   ; unknown,0.0000   ; not equiv,0.7494   ; unknown,0.0200  
./nestedMerge/EQ_is_prime1EQ_odd/libA: equiv,12.4532  ; unknown,0.0000   ; timeout,300.0000 ; unknown,0.0100  
./nestedMerge/EQ_is_prime1EQ_pos/libA: equiv,11.2939  ; unknown,0.0000   ; timeout,300.0000 ; unknown,0.0200  
./nestedMerge/EQ_is_prime1EQ_pos2/libA: equiv,0.2842   ; unknown,0.0000   ; timeout,300.0000 ; not equiv,0.0300  
./nestedMerge/EQ_is_prime1EXTRA_ultra_prime_sum/libA: equiv,76.2311  ; unknown,0.0000   ; timeout,300.0000 ; unknown,0.1700  
./nestedMerge/EQ_is_prime2EQ_Add/libA: equiv,0.2542   ; unknown,0.0000   ; equiv,0.1482   ; equiv,0.0300  
./nestedMerge/EQ_is_prime2EQ_Const/libA: equiv,0.2574   ; unknown,0.0000   ; equiv,0.1213   ; equiv,0.0300  
./nestedMerge/EQ_is_prime2EQ_LoopMult20/libA: equiv,0.7680   ; unknown,0.0000   ; equiv,0.4029   ; equiv,10.2500 
./nestedMerge/EQ_is_prime2EQ_LoopUnreach20/libA: equiv,0.5508   ; unknown,0.0000   ; equiv,0.1629   ; equiv,0.0400  
./nestedMerge/EQ_is_prime2EQ_UnchLoop/libA: equiv,0.2973   ; unknown,0.0000   ; equiv,0.1285   ; equiv,0.2500  
./nestedMerge/EQ_is_prime2EQ_divide/libA: equiv,0.3605   ; unknown,0.0000   ; equiv,0.1346   ; equiv,0.0300  
./nestedMerge/EQ_is_prime2EQ_getSign2/libA: equiv,0.4998   ; unknown,0.0000   ; equiv,0.1690   ; equiv,0.0300  
./nestedMerge/EQ_is_prime2EQ_is_prime1/libA: equiv,0.4915   ; unknown,0.0000   ; equiv,0.1370   ; unknown,0.0200  
./nestedMerge/EQ_is_prime2EQ_is_prime2/libA: not equiv,2.1346   ; unknown,0.0000   ; not equiv,0.7384   ; unknown,0.0300  
./nestedMerge/EQ_is_prime2EQ_is_prime3/libA: equiv,2.0230   ; unknown,0.0000   ; equiv,0.7393   ; unknown,0.0200  
./nestedMerge/EQ_is_prime2EQ_ltfive/libA: not equiv,1.0292   ; unknown,0.0000   ; not equiv,0.1839   ; equiv,0.0400  
./nestedMerge/EQ_is_prime2EQ_ltfiveBound/libA: equiv,0.7864   ; unknown,0.0000   ; equiv,0.1926   ; equiv,0.0600  
./nestedMerge/EQ_is_prime2EQ_multiple/libA: not equiv,0.9778   ; unknown,0.0000   ; not equiv,0.2695   ; equiv,0.0300  
./nestedMerge/EQ_is_prime2EQ_multipleBound/libA: equiv,0.6284   ; unknown,0.0000   ; equiv,0.2331   ; equiv,0.0400  
./nestedMerge/EQ_is_prime2EQ_odd/libA: equiv,21.9380  ; unknown,0.0000   ; equiv,14.2544  ; unknown,0.0200  
./nestedMerge/EQ_is_prime2EQ_one/libA: equiv,0.6062   ; unknown,0.0000   ; equiv,0.1614   ; equiv,0.0400  
./nestedMerge/EQ_is_prime2EQ_oneBound/libA: equiv,0.6807   ; unknown,0.0000   ; equiv,0.1791   ; equiv,0.0500  
./nestedMerge/EQ_is_prime2EQ_oneN2/libA: equiv,0.6047   ; unknown,0.0000   ; equiv,0.1551   ; equiv,0.0300  
./nestedMerge/EQ_is_prime2EQ_pos/libA: equiv,22.8310  ; unknown,0.0000   ; timeout,300.0000 ; unknown,0.0200  
./nestedMerge/EQ_is_prime2EQ_pos2/libA: equiv,0.4782   ; unknown,0.0000   ; timeout,300.0000 ; not equiv,0.0400  
./nestedMerge/EQ_is_prime2EQ_pos3/libA: equiv,0.3558   ; unknown,0.0000   ; equiv,0.1614   ; equiv,0.0300  
./nestedMerge/EQ_is_prime2EXTRA_ultra_prime_sum/libA: equiv,153.7428 ; unknown,0.0000   ; timeout,300.0000 ; timeout,300.0000
./nestedMerge/EQ_is_prime2NEQ_LoopMult20/libA: not equiv,1.0155   ; unknown,0.0000   ; not equiv,0.3415   ; not equiv,0.1700  
./nestedMerge/EQ_is_prime2NEQ_LoopUnreach20/libA: not equiv,0.8237   ; unknown,0.0000   ; not equiv,0.1730   ; not equiv,0.0400  
./nestedMerge/EQ_is_prime2NEQ_getSign/libA: equiv,0.4418   ; unknown,0.0000   ; equiv,0.1590   ; equiv,0.0300  
./nestedMerge/EQ_is_prime3EQ_UnchLoop/libA: equiv,40.3826  ; unknown,0.0000   ; equiv,0.2436   ; unknown,0.0200  
./nestedMerge/EQ_is_prime3EQ_is_prime2/libA: equiv,6.7145   ; unknown,0.0000   ; equiv,0.7586   ; unknown,0.0200  
./nestedMerge/EQ_is_prime3EQ_odd/libA: timeout,300.0000 ; unknown,0.0000   ; timeout,300.0000 ; unknown,0.0200  
./nestedMerge/EQ_is_prime3EQ_pos/libA: equiv,22.4510  ; unknown,0.0000   ; timeout,300.0000 ; unknown,0.0200  
./nestedMerge/EQ_is_prime3EQ_pos2/libA: equiv,0.6650   ; unknown,0.0000   ; timeout,300.0000 ; unknown,0.0200  
./nestedMerge/EQ_is_prime3EXTRA_ultra_prime_sum/libA: equiv,76.5119  ; unknown,0.0000   ; timeout,300.0000 ; unknown,0.0200  
./nestedMerge/EQ_ltfiveBoundEQ_UnchLoop/libA: equiv,0.3274   ; unknown,0.0000   ; equiv,0.1688   ; equiv,0.8600  
./nestedMerge/EQ_ltfiveBoundEQ_is_prime2/libA: equiv,1.1123   ; unknown,0.0000   ; equiv,0.4656   ; unknown,0.0300  
./nestedMerge/EQ_ltfiveBoundEQ_odd/libA: equiv,1.9533   ; unknown,0.0000   ; equiv,1.5523   ; unknown,0.0200  
./nestedMerge/EQ_ltfiveBoundEQ_pos/libA: equiv,25.8331  ; unknown,0.0000   ; equiv,31.6627  ; unknown,0.0200  
./nestedMerge/EQ_ltfiveBoundEQ_pos2/libA: equiv,0.5602   ; unknown,0.0000   ; equiv,31.4224  ; not equiv,0.0800  
./nestedMerge/EQ_ltfiveBoundEXTRA_ultra_prime_sum/libA: equiv,141.7808 ; unknown,0.0000   ; equiv,164.1540 ; timeout,300.0000
./nestedMerge/EQ_ltfiveEQ_UnchLoop/libA: equiv,0.3088   ; unknown,0.0000   ; equiv,0.1462   ; equiv,0.8200  
./nestedMerge/EQ_ltfiveEQ_is_prime2/libA: equiv,6.7328   ; unknown,0.0000   ; equiv,1.5330   ; unknown,0.0300  
./nestedMerge/EQ_ltfiveEQ_odd/libA: equiv,23.2420  ; unknown,0.0000   ; equiv,38.8725  ; unknown,0.0200  
./nestedMerge/EQ_ltfiveEQ_pos/libA: equiv,28.6802  ; unknown,0.0000   ; timeout,300.0000 ; unknown,0.0200  
./nestedMerge/EQ_ltfiveEQ_pos2/libA: equiv,0.5156   ; unknown,0.0000   ; timeout,300.0000 ; not equiv,0.0600  
./nestedMerge/EQ_ltfiveEXTRA_ultra_prime_sum/libA: equiv,141.8735 ; unknown,0.0000   ; timeout,300.0000 ; timeout,300.0000
./nestedMerge/EQ_multipleBoundEQ_UnchLoop/libA: equiv,40.3510  ; unknown,0.0000   ; equiv,0.1399   ; equiv,0.1000  
./nestedMerge/EQ_multipleBoundEQ_is_prime2/libA: equiv,0.5520   ; unknown,0.0000   ; equiv,0.1711   ; unknown,0.0200  
./nestedMerge/EQ_multipleBoundEQ_odd/libA: equiv,12.1449  ; unknown,0.0000   ; timeout,300.0000 ; unknown,0.0100  
./nestedMerge/EQ_multipleBoundEQ_pos/libA: equiv,22.5510  ; unknown,0.0000   ; equiv,144.5702 ; unknown,0.0200  
./nestedMerge/EQ_multipleBoundEQ_pos2/libA: equiv,0.3618   ; unknown,0.0000   ; timeout,300.0000 ; not equiv,0.0500  
./nestedMerge/EQ_multipleBoundEXTRA_ultra_prime_sum/libA: equiv,75.3859  ; unknown,0.0000   ; timeout,300.0000 ; unknown,0.2400  
./nestedMerge/EQ_multipleEQ_UnchLoop/libA: equiv,40.3111  ; unknown,0.0000   ; equiv,0.1080   ; equiv,0.0900  
./nestedMerge/EQ_multipleEQ_is_prime2/libA: equiv,2.2444   ; unknown,0.0000   ; equiv,0.1542   ; unknown,0.0200  
./nestedMerge/EQ_multipleEQ_odd/libA: equiv,12.5489  ; unknown,0.0000   ; timeout,300.0000 ; unknown,0.0100  
./nestedMerge/EQ_multipleEQ_pos/libA: equiv,11.3398  ; unknown,0.0000   ; timeout,300.0000 ; unknown,0.0100  
./nestedMerge/EQ_multipleEQ_pos2/libA: equiv,0.3063   ; unknown,0.0000   ; timeout,300.0000 ; not equiv,0.0300  
./nestedMerge/EQ_multipleEXTRA_ultra_prime_sum/libA: equiv,75.2095  ; unknown,0.0000   ; timeout,300.0000 ; unknown,0.3000  
./nestedMerge/EQ_oddEQ_Add/libA: equiv,0.1795   ; unknown,0.0000   ; equiv,0.1056   ; equiv,0.0300  
./nestedMerge/EQ_oddEQ_Const/libA: equiv,0.1595   ; unknown,0.0000   ; equiv,0.1006   ; equiv,0.0300  
./nestedMerge/EQ_oddEQ_LoopMult20/libA: equiv,1.8489   ; unknown,0.0000   ; equiv,0.3628   ; timeout,300.0000
./nestedMerge/EQ_oddEQ_LoopUnreach20/libA: equiv,1.2378   ; unknown,0.0000   ; equiv,0.1456   ; equiv,0.0300  
./nestedMerge/EQ_oddEQ_UnchLoop/libA: equiv,40.3000  ; unknown,0.0000   ; equiv,0.1051   ; equiv,0.0900  
./nestedMerge/EQ_oddEQ_divide/libA: equiv,0.1791   ; unknown,0.0000   ; equiv,0.1449   ; equiv,0.0200  
./nestedMerge/EQ_oddEQ_getSign2/libA: equiv,0.9666   ; unknown,0.0000   ; equiv,0.1523   ; equiv,0.0200  
./nestedMerge/EQ_oddEQ_is_prime1/libA: equiv,1.0336   ; unknown,0.0000   ; equiv,0.0949   ; unknown,0.0100  
./nestedMerge/EQ_oddEQ_is_prime2/libA: not equiv,1.5519   ; unknown,0.0000   ; not equiv,0.7647   ; unknown,0.0200  
./nestedMerge/EQ_oddEQ_is_prime3/libA: equiv,2.3464   ; unknown,0.0000   ; equiv,0.7596   ; unknown,0.0200  
./nestedMerge/EQ_oddEQ_ltfive/libA: not equiv,0.6750   ; unknown,0.0000   ; not equiv,0.3311   ; equiv,0.0200  
./nestedMerge/EQ_oddEQ_ltfiveBound/libA: equiv,0.4615   ; unknown,0.0000   ; equiv,0.2858   ; equiv,0.0400  
./nestedMerge/EQ_oddEQ_multiple/libA: not equiv,0.4727   ; unknown,0.0000   ; not equiv,0.2317   ; equiv,0.0200  
./nestedMerge/EQ_oddEQ_multipleBound/libA: equiv,1.0860   ; unknown,0.0000   ; equiv,0.3272   ; equiv,0.0200  
./nestedMerge/EQ_oddEQ_odd/libA: equiv,12.5484  ; unknown,0.0000   ; timeout,300.0000 ; unknown,0.0100  
./nestedMerge/EQ_oddEQ_one/libA: not equiv,0.7729   ; unknown,0.0000   ; not equiv,0.2233   ; not equiv,0.0300  
./nestedMerge/EQ_oddEQ_oneBound/libA: equiv,0.4967   ; unknown,0.0000   ; equiv,0.2510   ; equiv,0.0400  
./nestedMerge/EQ_oddEQ_oneN2/libA: equiv,1.4332   ; unknown,0.0000   ; equiv,0.2170   ; equiv,0.0300  
./nestedMerge/EQ_oddEQ_pos/libA: equiv,11.3203  ; unknown,0.0000   ; timeout,300.0000 ; unknown,0.0100  
./nestedMerge/EQ_oddEQ_pos2/libA: equiv,0.3001   ; unknown,0.0000   ; timeout,300.0000 ; not equiv,0.0300  
./nestedMerge/EQ_oddEQ_pos3/libA: equiv,1.1759   ; unknown,0.0000   ; equiv,0.1440   ; equiv,0.0300  
./nestedMerge/EQ_oddEXTRA_ultra_prime_sum/libA: equiv,75.0805  ; unknown,0.0000   ; timeout,300.0000 ; unknown,0.1700  
./nestedMerge/EQ_oddNEQ_LoopMult20/libA: equiv,1.8489   ; unknown,0.0000   ; equiv,0.3609   ; equiv,13.9400 
./nestedMerge/EQ_oddNEQ_LoopUnreach20/libA: not equiv,0.4994   ; unknown,0.0000   ; not equiv,0.1512   ; not equiv,0.0300  
./nestedMerge/EQ_oddNEQ_getSign/libA: not equiv,0.4626   ; unknown,0.0000   ; not equiv,0.1585   ; not equiv,0.0300  
./nestedMerge/EQ_oneBoundEQ_UnchLoop/libA: equiv,0.3264   ; unknown,0.0000   ; equiv,0.1550   ; equiv,0.2700  
./nestedMerge/EQ_oneBoundEQ_is_prime2/libA: equiv,4.5850   ; unknown,0.0000   ; equiv,0.9362   ; unknown,0.0300  
./nestedMerge/EQ_oneBoundEQ_odd/libA: equiv,23.8208  ; unknown,0.0000   ; timeout,300.0000 ; unknown,0.0200  
./nestedMerge/EQ_oneBoundEQ_pos/libA: equiv,25.5956  ; unknown,0.0000   ; equiv,15.3979  ; unknown,0.0200  
./nestedMerge/EQ_oneBoundEQ_pos2/libA: equiv,0.5122   ; unknown,0.0000   ; timeout,300.0000 ; not equiv,0.0900  
./nestedMerge/EQ_oneBoundEXTRA_ultra_prime_sum/libA: equiv,142.2648 ; unknown,0.0000   ; equiv,6.9569   ; unknown,0.6800  
./nestedMerge/EQ_oneEQ_UnchLoop/libA: equiv,0.2894   ; unknown,0.0000   ; equiv,0.1503   ; equiv,0.3700  
./nestedMerge/EQ_oneEQ_is_prime2/libA: equiv,8.4882   ; unknown,0.0000   ; equiv,1.5924   ; unknown,0.0300  
./nestedMerge/EQ_oneEQ_odd/libA: equiv,13.8794  ; unknown,0.0000   ; timeout,300.0000 ; unknown,0.0100  
./nestedMerge/EQ_oneEQ_pos/libA: equiv,14.8104  ; unknown,0.0000   ; timeout,300.0000 ; unknown,0.0200  
./nestedMerge/EQ_oneEQ_pos2/libA: equiv,0.4626   ; unknown,0.0000   ; timeout,300.0000 ; not equiv,0.0700  
./nestedMerge/EQ_oneEXTRA_ultra_prime_sum/libA: equiv,141.8509 ; unknown,0.0000   ; timeout,300.0000 ; unknown,0.7000  
./nestedMerge/EQ_oneN2EQ_UnchLoop/libA: equiv,0.2912   ; unknown,0.0000   ; equiv,0.1470   ; equiv,0.3800  
./nestedMerge/EQ_oneN2EQ_is_prime2/libA: equiv,8.4085   ; unknown,0.0000   ; equiv,1.5867   ; unknown,0.0300  
./nestedMerge/EQ_oneN2EQ_odd/libA: equiv,13.8448  ; unknown,0.0000   ; timeout,300.0000 ; unknown,0.0100  
./nestedMerge/EQ_oneN2EQ_pos/libA: equiv,14.8164  ; unknown,0.0000   ; timeout,300.0000 ; unknown,0.0200  
./nestedMerge/EQ_oneN2EQ_pos2/libA: equiv,0.4542   ; unknown,0.0000   ; timeout,300.0000 ; not equiv,0.0700  
./nestedMerge/EQ_oneN2EXTRA_ultra_prime_sum/libA: equiv,143.2838 ; unknown,0.0000   ; timeout,300.0000 ; unknown,0.7000  
./nestedMerge/EQ_pos2EQ_Add/libA: equiv,0.2571   ; unknown,0.0000   ; equiv,0.1517   ; equiv,0.0300  
./nestedMerge/EQ_pos2EQ_Const/libA: equiv,0.2644   ; unknown,0.0000   ; equiv,0.1285   ; equiv,0.0300  
./nestedMerge/EQ_pos2EQ_LoopMult20/libA: equiv,0.5213   ; unknown,0.0000   ; equiv,0.1608   ; equiv,0.0400  
./nestedMerge/EQ_pos2EQ_LoopUnreach20/libA: equiv,0.5309   ; unknown,0.0000   ; equiv,0.1507   ; equiv,0.0300  
./nestedMerge/EQ_pos2EQ_UnchLoop/libA: equiv,0.2966   ; unknown,0.0000   ; equiv,0.1296   ; equiv,0.2500  
./nestedMerge/EQ_pos2EQ_divide/libA: equiv,0.3666   ; unknown,0.0000   ; equiv,0.1789   ; equiv,0.0400  
./nestedMerge/EQ_pos2EQ_getSign2/libA: equiv,0.4698   ; unknown,0.0000   ; equiv,0.1432   ; equiv,0.0300  
./nestedMerge/EQ_pos2EQ_is_prime1/libA: equiv,0.4768   ; unknown,0.0000   ; equiv,0.1350   ; unknown,0.0200  
./nestedMerge/EQ_pos2EQ_is_prime2/libA: equiv,0.7027   ; unknown,0.0000   ; equiv,0.1646   ; unknown,0.0300  
./nestedMerge/EQ_pos2EQ_is_prime3/libA: equiv,3.2531   ; unknown,0.0000   ; equiv,1.4800   ; unknown,0.0300  
./nestedMerge/EQ_pos2EQ_ltfive/libA: not equiv,1.1017   ; unknown,0.0000   ; not equiv,0.2549   ; equiv,0.0500  
./nestedMerge/EQ_pos2EQ_ltfiveBound/libA: equiv,0.8821   ; unknown,0.0000   ; equiv,0.2652   ; equiv,0.0700  
./nestedMerge/EQ_pos2EQ_multiple/libA: not equiv,1.1743   ; unknown,0.0000   ; not equiv,0.3569   ; equiv,0.0300  
./nestedMerge/EQ_pos2EQ_multipleBound/libA: equiv,0.8344   ; unknown,0.0000   ; equiv,0.4691   ; equiv,0.0400  
./nestedMerge/EQ_pos2EQ_odd/libA: equiv,24.8002  ; unknown,0.0000   ; timeout,300.0000 ; unknown,0.0100  
./nestedMerge/EQ_pos2EQ_one/libA: not equiv,0.9710   ; unknown,0.0000   ; not equiv,0.2022   ; not equiv,0.0400  
./nestedMerge/EQ_pos2EQ_oneBound/libA: equiv,0.7863   ; unknown,0.0000   ; equiv,0.2610   ; equiv,0.0500  
./nestedMerge/EQ_pos2EQ_oneN2/libA: not equiv,0.9814   ; unknown,0.0000   ; not equiv,0.2262   ; equiv,0.0300  
./nestedMerge/EQ_pos2EQ_pos/libA: equiv,23.3811  ; unknown,0.0000   ; timeout,300.0000 ; unknown,0.0200  
./nestedMerge/EQ_pos2EQ_pos2/libA: equiv,0.4761   ; unknown,0.0000   ; timeout,300.0000 ; not equiv,0.0400  
./nestedMerge/EQ_pos2EQ_pos3/libA: equiv,0.3522   ; unknown,0.0000   ; equiv,0.1704   ; equiv,0.0300  
./nestedMerge/EQ_pos2EXTRA_ultra_prime_sum/libA: equiv,147.5693 ; unknown,0.0000   ; equiv,0.1880   ; unknown,0.2100  
./nestedMerge/EQ_pos2NEQ_LoopMult20/libA: equiv,0.5260   ; unknown,0.0000   ; equiv,0.1531   ; equiv,0.0400  
./nestedMerge/EQ_pos2NEQ_LoopUnreach20/libA: equiv,0.5237   ; unknown,0.0000   ; equiv,0.1533   ; equiv,0.0400  
./nestedMerge/EQ_pos2NEQ_getSign/libA: not equiv,0.7630   ; unknown,0.0000   ; not equiv,0.1960   ; not equiv,0.0300  
./nestedMerge/EQ_pos3EQ_UnchLoop/libA: equiv,40.2791  ; unknown,0.0000   ; equiv,0.1335   ; equiv,0.1500  
./nestedMerge/EQ_pos3EQ_is_prime2/libA: equiv,0.4650   ; unknown,0.0000   ; equiv,0.1326   ; unknown,0.0200  
./nestedMerge/EQ_pos3EQ_odd/libA: equiv,11.3964  ; unknown,0.0000   ; equiv,25.9587  ; unknown,0.0100  
./nestedMerge/EQ_pos3EQ_pos/libA: equiv,21.9870  ; unknown,0.0000   ; timeout,300.0000 ; unknown,0.0200  
./nestedMerge/EQ_pos3EQ_pos2/libA: equiv,0.3134   ; unknown,0.0000   ; timeout,300.0000 ; unknown,0.0200  
./nestedMerge/EQ_pos3EXTRA_ultra_prime_sum/libA: equiv,82.3406  ; unknown,0.0000   ; equiv,0.1728   ; equiv,0.0800  
./nestedMerge/EQ_posEQ_Add/libA: equiv,0.2570   ; unknown,0.0000   ; equiv,0.1238   ; equiv,0.0200  
./nestedMerge/EQ_posEQ_Const/libA: equiv,0.2645   ; unknown,0.0000   ; equiv,0.1273   ; equiv,0.0300  
./nestedMerge/EQ_posEQ_LoopMult20/libA: equiv,0.5263   ; unknown,0.0000   ; equiv,0.1506   ; equiv,0.0400  
./nestedMerge/EQ_posEQ_LoopUnreach20/libA: equiv,0.5367   ; unknown,0.0000   ; equiv,0.1536   ; equiv,0.0300  
./nestedMerge/EQ_posEQ_UnchLoop/libA: equiv,0.2924   ; unknown,0.0000   ; equiv,0.1291   ; equiv,0.2500  
./nestedMerge/EQ_posEQ_divide/libA: equiv,0.3681   ; unknown,0.0000   ; equiv,0.1617   ; equiv,0.0400  
./nestedMerge/EQ_posEQ_getSign2/libA: equiv,0.4700   ; unknown,0.0000   ; equiv,0.1399   ; equiv,0.0300  
./nestedMerge/EQ_posEQ_is_prime1/libA: equiv,0.4871   ; unknown,0.0000   ; equiv,0.1370   ; unknown,0.0200  
./nestedMerge/EQ_posEQ_is_prime2/libA: equiv,0.6932   ; unknown,0.0000   ; equiv,0.1608   ; unknown,0.0300  
./nestedMerge/EQ_posEQ_is_prime3/libA: equiv,3.2539   ; unknown,0.0000   ; equiv,1.4900   ; unknown,0.0300  
./nestedMerge/EQ_posEQ_ltfive/libA: not equiv,1.1012   ; unknown,0.0000   ; not equiv,0.2524   ; equiv,0.0400  
./nestedMerge/EQ_posEQ_ltfiveBound/libA: equiv,0.8939   ; unknown,0.0000   ; equiv,0.2639   ; equiv,0.0700  
./nestedMerge/EQ_posEQ_multiple/libA: not equiv,1.1786   ; unknown,0.0000   ; not equiv,0.3572   ; equiv,0.0300  
./nestedMerge/EQ_posEQ_multipleBound/libA: equiv,0.8415   ; unknown,0.0000   ; equiv,0.4704   ; equiv,0.0400  
./nestedMerge/EQ_posEQ_odd/libA: equiv,24.8221  ; unknown,0.0000   ; timeout,300.0000 ; unknown,0.0100  
./nestedMerge/EQ_posEQ_one/libA: not equiv,1.0005   ; unknown,0.0000   ; not equiv,0.1992   ; not equiv,0.0300  
./nestedMerge/EQ_posEQ_oneBound/libA: equiv,0.7670   ; unknown,0.0000   ; equiv,0.2539   ; equiv,0.0600  
./nestedMerge/EQ_posEQ_oneN2/libA: not equiv,0.9964   ; unknown,0.0000   ; not equiv,0.2243   ; equiv,0.0300  
./nestedMerge/EQ_posEQ_pos/libA: equiv,23.4283  ; unknown,0.0000   ; timeout,300.0000 ; unknown,0.0200  
./nestedMerge/EQ_posEQ_pos2/libA: equiv,0.4829   ; unknown,0.0000   ; timeout,300.0000 ; not equiv,0.0400  
./nestedMerge/EQ_posEQ_pos3/libA: equiv,0.3673   ; unknown,0.0000   ; equiv,0.1810   ; equiv,0.0300  
./nestedMerge/EQ_posEXTRA_ultra_prime_sum/libA: equiv,141.6379 ; unknown,0.0000   ; equiv,0.1848   ; unknown,0.2100  
./nestedMerge/EQ_posNEQ_LoopMult20/libA: equiv,0.5299   ; unknown,0.0000   ; equiv,0.1522   ; equiv,0.0400  
./nestedMerge/EQ_posNEQ_LoopUnreach20/libA: equiv,0.5248   ; unknown,0.0000   ; equiv,0.1633   ; equiv,0.0400  
./nestedMerge/EQ_posNEQ_getSign/libA: not equiv,0.7569   ; unknown,0.0000   ; not equiv,0.1881   ; not equiv,0.0300  
./nestedMerge/EXTRA_ultra_prime_sumEQ_Add/libA: equiv,0.3772   ; unknown,0.0000   ; timeout,300.0000 ; equiv,0.0300  
./nestedMerge/EXTRA_ultra_prime_sumEQ_Const/libA: equiv,0.3926   ; unknown,0.0000   ; timeout,300.0000 ; equiv,0.0300  
./nestedMerge/EXTRA_ultra_prime_sumEQ_LoopMult20/libA: equiv,3.8720   ; unknown,0.0000   ; timeout,300.0000 ; timeout,300.0000
./nestedMerge/EXTRA_ultra_prime_sumEQ_LoopUnreach20/libA: equiv,2.6711   ; unknown,0.0000   ; timeout,300.0000 ; equiv,0.0300  
./nestedMerge/EXTRA_ultra_prime_sumEQ_UnchLoop/libA: equiv,80.6752  ; unknown,0.0000   ; timeout,300.0000 ; equiv,0.1800  
./nestedMerge/EXTRA_ultra_prime_sumEQ_divide/libA: equiv,0.5465   ; unknown,0.0000   ; timeout,300.0000 ; equiv,0.0500  
./nestedMerge/EXTRA_ultra_prime_sumEQ_getSign2/libA: equiv,2.4555   ; unknown,0.0000   ; timeout,300.0000 ; equiv,0.0400  
./nestedMerge/EXTRA_ultra_prime_sumEQ_is_prime1/libA: equiv,2.4966   ; unknown,0.0000   ; timeout,300.0000 ; unknown,0.0200  
./nestedMerge/EXTRA_ultra_prime_sumEQ_is_prime2/libA: timeout,300.0000 ; unknown,0.0000   ; not equiv,0.7018   ; unknown,0.0300  
./nestedMerge/EXTRA_ultra_prime_sumEQ_is_prime3/libA: equiv,18.8664  ; unknown,0.0000   ; timeout,300.0000 ; unknown,0.0300  
./nestedMerge/EXTRA_ultra_prime_sumEQ_ltfive/libA: equiv,52.5441  ; unknown,0.0000   ; timeout,300.0000 ; equiv,0.0600  
./nestedMerge/EXTRA_ultra_prime_sumEQ_ltfiveBound/libA: equiv,1.7752   ; unknown,0.0000   ; timeout,300.0000 ; equiv,0.0900  
./nestedMerge/EXTRA_ultra_prime_sumEQ_multiple/libA: equiv,58.0916  ; unknown,0.0000   ; timeout,300.0000 ; equiv,0.0300  
./nestedMerge/EXTRA_ultra_prime_sumEQ_multipleBound/libA: equiv,2.5035   ; unknown,0.0000   ; timeout,300.0000 ; equiv,0.0500  
./nestedMerge/EXTRA_ultra_prime_sumEQ_odd/libA: equiv,25.0093  ; unknown,0.0000   ; timeout,300.0000 ; unknown,0.0200  
./nestedMerge/EXTRA_ultra_prime_sumEQ_one/libA: not equiv,2.7550   ; unknown,0.0000   ; not equiv,0.1551   ; not equiv,0.0400  
./nestedMerge/EXTRA_ultra_prime_sumEQ_oneBound/libA: equiv,1.6602   ; unknown,0.0000   ; timeout,300.0000 ; equiv,0.0700  
./nestedMerge/EXTRA_ultra_prime_sumEQ_oneN2/libA: equiv,30.7525  ; unknown,0.0000   ; timeout,300.0000 ; equiv,0.0400  
./nestedMerge/EXTRA_ultra_prime_sumEQ_pos/libA: equiv,33.7115  ; unknown,0.0000   ; timeout,300.0000 ; unknown,0.0200  
./nestedMerge/EXTRA_ultra_prime_sumEQ_pos2/libA: equiv,1.0123   ; unknown,0.0000   ; timeout,300.0000 ; equiv,0.1200  
./nestedMerge/EXTRA_ultra_prime_sumEQ_pos3/libA: equiv,2.4437   ; unknown,0.0000   ; timeout,300.0000 ; equiv,0.0500  
./nestedMerge/EXTRA_ultra_prime_sumEXTRA_ultra_prime_sum/libA: equiv,142.9056 ; unknown,0.0000   ; timeout,300.0000 ; unknown,0.0200  
./nestedMerge/EXTRA_ultra_prime_sumNEQ_LoopMult20/libA: equiv,58.4966  ; unknown,0.0000   ; timeout,300.0000 ; timeout,300.0000
./nestedMerge/EXTRA_ultra_prime_sumNEQ_LoopUnreach20/libA: not equiv,4.7907   ; unknown,0.0000   ; not equiv,0.2752   ; not equiv,0.2200  
./nestedMerge/EXTRA_ultra_prime_sumNEQ_getSign/libA: not equiv,1.1567   ; unknown,0.0000   ; not equiv,0.1433   ; not equiv,0.0400  
./nestedMerge/NEQ_LoopMult20EQ_UnchLoop/libA: equiv,40.2949  ; unknown,0.0000   ; equiv,0.1412   ; equiv,0.1400  
./nestedMerge/NEQ_LoopMult20EQ_is_prime2/libA: not equiv,1.2196   ; unknown,0.0000   ; not equiv,0.4157   ; unknown,0.0200  
./nestedMerge/NEQ_LoopMult20EQ_odd/libA: equiv,1.1390   ; unknown,0.0000   ; equiv,0.2519   ; unknown,0.0100  
./nestedMerge/NEQ_LoopMult20EQ_pos/libA: equiv,0.6780   ; unknown,0.0000   ; equiv,0.4243   ; unknown,0.0100  
./nestedMerge/NEQ_LoopMult20EQ_pos2/libA: equiv,0.2904   ; unknown,0.0000   ; equiv,0.4265   ; not equiv,0.0300  
./nestedMerge/NEQ_LoopMult20EXTRA_ultra_prime_sum/libA: equiv,77.9481  ; unknown,0.0000   ; equiv,0.3965   ; timeout,300.0000
./nestedMerge/NEQ_LoopUnreach20EQ_UnchLoop/libA: equiv,40.3361  ; unknown,0.0000   ; equiv,0.1414   ; equiv,0.1400  
./nestedMerge/NEQ_LoopUnreach20EQ_is_prime2/libA: not equiv,1.2326   ; unknown,0.0000   ; not equiv,0.4154   ; unknown,0.0200  
./nestedMerge/NEQ_LoopUnreach20EQ_odd/libA: equiv,1.1368   ; unknown,0.0000   ; equiv,0.2564   ; unknown,0.0100  
./nestedMerge/NEQ_LoopUnreach20EQ_pos/libA: equiv,0.6857   ; unknown,0.0000   ; equiv,0.4262   ; unknown,0.0100  
./nestedMerge/NEQ_LoopUnreach20EQ_pos2/libA: equiv,0.2853   ; unknown,0.0000   ; equiv,0.4299   ; not equiv,0.0300  
./nestedMerge/NEQ_LoopUnreach20EXTRA_ultra_prime_sum/libA: equiv,78.3071  ; unknown,0.0000   ; equiv,0.4060   ; timeout,300.0000
./nestedMerge/NEQ_getSignEQ_UnchLoop/libA: equiv,40.2952  ; unknown,0.0000   ; equiv,0.1040   ; equiv,0.1300  
./nestedMerge/NEQ_getSignEQ_is_prime2/libA: not equiv,1.4977   ; unknown,0.0000   ; not equiv,0.7580   ; unknown,0.0200  
./nestedMerge/NEQ_getSignEQ_odd/libA: equiv,12.4613  ; unknown,0.0000   ; timeout,300.0000 ; unknown,0.0100  
./nestedMerge/NEQ_getSignEQ_pos/libA: equiv,11.3187  ; unknown,0.0000   ; timeout,300.0000 ; unknown,0.0200  
./nestedMerge/NEQ_getSignEQ_pos2/libA: equiv,0.2839   ; unknown,0.0000   ; timeout,300.0000 ; not equiv,0.0300  
./nestedMerge/NEQ_getSignEXTRA_ultra_prime_sum/libA: equiv,76.3176  ; unknown,0.0000   ; timeout,300.0000 ; unknown,0.1600  
