./mergedHard/EQ_AddEQ_UnchLoop/libA: equiv,0.1675  , equiv,0.3025  , equiv,0.0731  
./mergedHard/EQ_AddEQ_UnchLoop/libB: equiv,30.3507 , equiv,30.7126 , equiv,0.0989  
./mergedHard/EQ_AddEQ_odd/libA: equiv,0.1783  , equiv,0.3822  , equiv,0.0955  
./mergedHard/EQ_AddEQ_odd/libB: equiv,1.9824  , equiv,2.5151  , timeout,200.0000
./mergedHard/EQ_AddEQ_pos/libA: equiv,0.2491  , equiv,0.3674  , equiv,0.1070  
./mergedHard/EQ_AddEQ_pos/libB: not equiv,0.5096  , not equiv,0.8699  , not equiv,0.1657  
./mergedHard/EQ_AddEQ_pos2/libA: equiv,0.2274  , equiv,0.3395  , equiv,0.1119  
./mergedHard/EQ_AddEQ_pos2/libB: equiv,32.9841 , equiv,33.4523 , timeout,200.0000
./mergedHard/EQ_AddEXTRA_prime_sum/libA: equiv,0.3221  , equiv,0.4012  , timeout,200.0000
./mergedHard/EQ_AddEXTRA_prime_sum/libB: not equiv,6.1290  , not equiv,4.0775  , not equiv,0.1317  
./mergedHard/EQ_ConstEQ_UnchLoop/libA: equiv,0.1532  , equiv,0.2860  , equiv,0.0991  
./mergedHard/EQ_ConstEQ_UnchLoop/libB: equiv,30.3218 , equiv,30.6467 , equiv,0.1157  
./mergedHard/EQ_ConstEQ_odd/libA: equiv,0.1834  , equiv,0.3893  , equiv,0.0970  
./mergedHard/EQ_ConstEQ_odd/libB: equiv,2.0104  , equiv,2.7305  , timeout,200.0000
./mergedHard/EQ_ConstEQ_pos/libA: equiv,0.2474  , equiv,0.3881  , equiv,0.1127  
./mergedHard/EQ_ConstEQ_pos/libB: not equiv,0.5075  , not equiv,0.8399  , not equiv,0.1684  
./mergedHard/EQ_ConstEQ_pos2/libA: equiv,0.2194  , equiv,0.3892  , equiv,0.1046  
./mergedHard/EQ_ConstEQ_pos2/libB: equiv,33.0759 , equiv,33.5222 , timeout,200.0000
./mergedHard/EQ_ConstEXTRA_prime_sum/libA: equiv,0.3259  , equiv,0.3844  , timeout,200.0000
./mergedHard/EQ_ConstEXTRA_prime_sum/libB: not equiv,6.1168  , not equiv,4.0980  , not equiv,0.1379  
./mergedHard/EQ_LoopMult20EQ_UnchLoop/libA: equiv,0.3802  , equiv,0.5288  , equiv,0.2891  
./mergedHard/EQ_LoopMult20EQ_UnchLoop/libB: equiv,0.4125  , equiv,0.5567  , equiv,0.2501  
./mergedHard/EQ_LoopMult20EQ_odd/libA: timeout,200.0000, timeout,200.0000, timeout,200.0000
./mergedHard/EQ_LoopMult20EQ_odd/libB: not equiv,1.0901  , not equiv,1.4748  , not equiv,2.3882  
./mergedHard/EQ_LoopMult20EQ_pos/libA: equiv,0.6526  , equiv,0.8421  , equiv,0.2922  
./mergedHard/EQ_LoopMult20EQ_pos/libB: not equiv,0.6124  , not equiv,0.9533  , not equiv,0.2665  
./mergedHard/EQ_LoopMult20EQ_pos2/libA: equiv,0.6363  , equiv,0.8342  , equiv,0.2866  
./mergedHard/EQ_LoopMult20EQ_pos2/libB: equiv,37.6973 , equiv,38.0567 , timeout,200.0000
./mergedHard/EQ_LoopMult20EXTRA_prime_sum/libA: timeout,200.0000, equiv,169.6358, timeout,200.0000
./mergedHard/EQ_LoopMult20EXTRA_prime_sum/libB: not equiv,70.3607 , not equiv,76.2351 , not equiv,2.5798  
./mergedHard/EQ_LoopUnreach20EQ_UnchLoop/libA: equiv,0.2286  , equiv,0.3766  , equiv,0.1191  
./mergedHard/EQ_LoopUnreach20EQ_UnchLoop/libB: equiv,0.4160  , equiv,0.6054  , equiv,0.2464  
./mergedHard/EQ_LoopUnreach20EQ_odd/libA: equiv,0.2491  , equiv,0.3872  , equiv,0.1329  
./mergedHard/EQ_LoopUnreach20EQ_odd/libB: not equiv,1.0864  , not equiv,1.4735  , not equiv,2.3200  
./mergedHard/EQ_LoopUnreach20EQ_pos/libA: equiv,0.3182  , equiv,0.4503  , equiv,0.1603  
./mergedHard/EQ_LoopUnreach20EQ_pos/libB: not equiv,0.5906  , not equiv,0.9530  , not equiv,0.2680  
./mergedHard/EQ_LoopUnreach20EQ_pos2/libA: equiv,0.3090  , equiv,0.4547  , equiv,0.1513  
./mergedHard/EQ_LoopUnreach20EQ_pos2/libB: equiv,37.6459 , equiv,38.0114 , timeout,200.0000
./mergedHard/EQ_LoopUnreach20EXTRA_prime_sum/libA: equiv,2.1206  , equiv,2.3123  , timeout,200.0000
./mergedHard/EQ_LoopUnreach20EXTRA_prime_sum/libB: not equiv,65.6189 , not equiv,78.6758 , not equiv,2.5704  
./mergedHard/EQ_UnchLoopEQ_Add/libA: equiv,30.3617 , equiv,30.7116 , equiv,0.0951  
./mergedHard/EQ_UnchLoopEQ_Add/libB: equiv,0.1273  , equiv,0.3203  , equiv,0.0908  
./mergedHard/EQ_UnchLoopEQ_Const/libA: equiv,30.3376 , equiv,30.7810 , equiv,0.1495  
./mergedHard/EQ_UnchLoopEQ_Const/libB: equiv,0.2245  , equiv,0.4449  , equiv,0.1282  
./mergedHard/EQ_UnchLoopEQ_LoopMult20/libA: equiv,0.7623  , equiv,1.0701  , equiv,0.4619  
./mergedHard/EQ_UnchLoopEQ_LoopMult20/libB: equiv,0.6639  , equiv,0.9260  , equiv,0.5690  
./mergedHard/EQ_UnchLoopEQ_LoopUnreach20/libA: equiv,0.7822  , equiv,1.0690  , equiv,0.4656  
./mergedHard/EQ_UnchLoopEQ_LoopUnreach20/libB: equiv,0.3849  , equiv,0.5954  , equiv,0.1882  
./mergedHard/EQ_UnchLoopEQ_UnchLoop/libA: equiv,30.5419 , equiv,30.9773 , equiv,0.1608  
./mergedHard/EQ_UnchLoopEQ_UnchLoop/libB: equiv,30.5930 , equiv,31.2351 , equiv,0.3229  
./mergedHard/EQ_UnchLoopEQ_divide/libA: equiv,0.6713  , equiv,0.8994  , timeout,200.0000
./mergedHard/EQ_UnchLoopEQ_divide/libB: equiv,0.2211  , equiv,0.3457  , equiv,0.1074  
./mergedHard/EQ_UnchLoopEQ_getSign2/libA: equiv,0.2190  , equiv,0.3801  , timeout,200.0000
./mergedHard/EQ_UnchLoopEQ_getSign2/libB: equiv,0.2272  , equiv,0.3664  , equiv,0.1208  
./mergedHard/EQ_UnchLoopEQ_is_prime1/libA: equiv,30.3156 , equiv,30.7038 , timeout,200.0000
./mergedHard/EQ_UnchLoopEQ_is_prime1/libB: equiv,0.1703  , equiv,0.2876  , not equiv,0.1089  
./mergedHard/EQ_UnchLoopEQ_is_prime3/libA: equiv,60.6493 , equiv,30.9583 , equiv,0.1434  
./mergedHard/EQ_UnchLoopEQ_is_prime3/libB: equiv,2.7159  , equiv,1.8543  , equiv,0.1488  
./mergedHard/EQ_UnchLoopEQ_ltfive/libA: equiv,0.6656  , equiv,0.9294  , timeout,200.0000
./mergedHard/EQ_UnchLoopEQ_ltfive/libB: not equiv,0.5545  , not equiv,0.8744  , not equiv,0.1577  
./mergedHard/EQ_UnchLoopEQ_ltfiveBound/libA: timeout,200.0000, timeout,200.0000, equiv,19.4777 
./mergedHard/EQ_UnchLoopEQ_ltfiveBound/libB: equiv,0.3316  , equiv,0.4681  , equiv,0.1491  
./mergedHard/EQ_UnchLoopEQ_multiple/libA: equiv,0.2479  , equiv,0.4108  , timeout,200.0000
./mergedHard/EQ_UnchLoopEQ_multiple/libB: not equiv,0.6420  , not equiv,0.9924  , not equiv,0.2400  
./mergedHard/EQ_UnchLoopEQ_multipleBound/libA: timeout,200.0000, timeout,200.0000, timeout,200.0000
./mergedHard/EQ_UnchLoopEQ_multipleBound/libB: not equiv,0.6417  , not equiv,0.9965  , not equiv,0.2062  
./mergedHard/EQ_UnchLoopEQ_odd/libA: equiv,0.2417  , equiv,0.3674  , timeout,200.0000
./mergedHard/EQ_UnchLoopEQ_odd/libB: equiv,1.8062  , equiv,2.2056  , timeout,200.0000
./mergedHard/EQ_UnchLoopEQ_one/libA: equiv,0.3017  , equiv,0.4018  , timeout,200.0000
./mergedHard/EQ_UnchLoopEQ_one/libB: not equiv,0.5133  , not equiv,0.7863  , not equiv,0.1440  
./mergedHard/EQ_UnchLoopEQ_oneBound/libA: equiv,0.2929  , equiv,0.4312  , equiv,2.6730  
./mergedHard/EQ_UnchLoopEQ_oneBound/libB: not equiv,0.5130  , not equiv,0.8598  , not equiv,0.1390  
./mergedHard/EQ_UnchLoopEQ_oneN2/libA: equiv,0.2849  , equiv,0.4289  , timeout,200.0000
./mergedHard/EQ_UnchLoopEQ_oneN2/libB: not equiv,0.5221  , not equiv,0.8114  , not equiv,0.1411  
./mergedHard/EQ_UnchLoopEQ_pos/libA: equiv,0.2387  , equiv,0.3923  , equiv,0.1231  
./mergedHard/EQ_UnchLoopEQ_pos/libB: not equiv,0.5234  , not equiv,0.8481  , not equiv,0.1690  
./mergedHard/EQ_UnchLoopEQ_pos2/libA: equiv,0.2451  , equiv,0.3791  , equiv,0.1141  
./mergedHard/EQ_UnchLoopEQ_pos2/libB: equiv,33.0172 , equiv,33.3617 , timeout,200.0000
./mergedHard/EQ_UnchLoopEXTRA_prime_sum/libA: equiv,60.7186 , equiv,30.9163 , timeout,200.0000
./mergedHard/EQ_UnchLoopEXTRA_prime_sum/libB: not equiv,5.9596  , not equiv,4.1607  , not equiv,0.1318  
./mergedHard/EQ_UnchLoopNEQ_LoopMult20/libA: equiv,0.4174  , equiv,0.5993  , equiv,0.2565  
./mergedHard/EQ_UnchLoopNEQ_LoopMult20/libB: not equiv,0.5895  , not equiv,0.9520  , not equiv,0.1323  
./mergedHard/EQ_UnchLoopNEQ_LoopUnreach20/libA: equiv,0.4108  , equiv,0.6233  , equiv,0.2511  
./mergedHard/EQ_UnchLoopNEQ_LoopUnreach20/libB: not equiv,0.4581  , not equiv,0.8302  , not equiv,0.1291  
./mergedHard/EQ_UnchLoopNEQ_getSign/libA: equiv,30.3268 , equiv,30.7649 , timeout,200.0000
./mergedHard/EQ_UnchLoopNEQ_getSign/libB: not equiv,0.4078  , not equiv,0.7497  , not equiv,0.1246  
./mergedHard/EQ_divideEQ_UnchLoop/libA: equiv,0.1972  , equiv,0.3248  , equiv,0.1091  
./mergedHard/EQ_divideEQ_UnchLoop/libB: equiv,0.2256  , equiv,0.3186  , timeout,200.0000
./mergedHard/EQ_divideEQ_odd/libA: equiv,0.2778  , equiv,0.3989  , equiv,0.1390  
./mergedHard/EQ_divideEQ_odd/libB: not equiv,0.7316  , not equiv,1.0899  , not equiv,1.1558  
./mergedHard/EQ_divideEQ_pos/libA: equiv,0.2963  , equiv,0.4496  , equiv,0.1343  
./mergedHard/EQ_divideEQ_pos/libB: not equiv,0.6014  , not equiv,1.0032  , not equiv,0.2810  
./mergedHard/EQ_divideEQ_pos2/libA: equiv,0.2839  , equiv,0.4545  , equiv,0.1269  
./mergedHard/EQ_divideEQ_pos2/libB: equiv,37.7701 , equiv,38.1830 , timeout,200.0000
./mergedHard/EQ_divideEXTRA_prime_sum/libA: equiv,0.4008  , equiv,0.4831  , equiv,0.1160  
./mergedHard/EQ_divideEXTRA_prime_sum/libB: not equiv,41.8053 , not equiv,53.2184 , timeout,200.0000
./mergedHard/EQ_getSign2EQ_UnchLoop/libA: equiv,0.2147  , equiv,0.3615  , equiv,0.1300  
./mergedHard/EQ_getSign2EQ_UnchLoop/libB: equiv,0.2180  , equiv,0.3807  , timeout,200.0000
./mergedHard/EQ_getSign2EQ_odd/libA: not equiv,0.5168  , not equiv,0.8602  , not equiv,0.1552  
./mergedHard/EQ_getSign2EQ_odd/libB: not equiv,1.6637  , not equiv,2.0481  , not equiv,2.2659  
./mergedHard/EQ_getSign2EQ_pos/libA: not equiv,0.5666  , not equiv,0.8970  , not equiv,0.1691  
./mergedHard/EQ_getSign2EQ_pos/libB: not equiv,0.5948  , not equiv,0.9771  , not equiv,0.2008  
./mergedHard/EQ_getSign2EQ_pos2/libA: not equiv,0.5588  , not equiv,0.9050  , not equiv,0.1737  
./mergedHard/EQ_getSign2EQ_pos2/libB: equiv,37.7026 , equiv,38.0390 , timeout,200.0000
./mergedHard/EQ_getSign2EXTRA_prime_sum/libA: equiv,1.9525  , equiv,2.2640  , timeout,200.0000
./mergedHard/EQ_getSign2EXTRA_prime_sum/libB: not equiv,39.7108 , not equiv,46.4096 , timeout,200.0000
./mergedHard/EQ_is_prime1EQ_UnchLoop/libA: equiv,0.1729  , equiv,0.3280  , not equiv,0.1040  
./mergedHard/EQ_is_prime1EQ_UnchLoop/libB: equiv,30.3100 , equiv,30.7364 , timeout,200.0000
./mergedHard/EQ_is_prime1EQ_odd/libA: equiv,0.2180  , equiv,0.3152  , not equiv,0.2563  
./mergedHard/EQ_is_prime1EQ_odd/libB: equiv,1.4918  , equiv,2.4148  , not equiv,0.4177  
./mergedHard/EQ_is_prime1EQ_pos/libA: equiv,0.2290  , equiv,0.3801  , equiv,1.0961  
./mergedHard/EQ_is_prime1EQ_pos/libB: not equiv,0.5723  , not equiv,0.9091  , not equiv,0.2367  
./mergedHard/EQ_is_prime1EQ_pos2/libA: equiv,0.2336  , equiv,0.3710  , equiv,1.1072  
./mergedHard/EQ_is_prime1EQ_pos2/libB: equiv,38.2365 , equiv,39.0018 , timeout,200.0000
./mergedHard/EQ_is_prime1EXTRA_prime_sum/libA: equiv,0.3329  , equiv,0.4510  , not equiv,0.1571  
./mergedHard/EQ_is_prime1EXTRA_prime_sum/libB: not equiv,44.5455 , not equiv,46.3943 , not equiv,67.1913 
./mergedHard/EQ_is_prime3EQ_UnchLoop/libA: equiv,1.4839  , equiv,1.0865  , not equiv,0.6284  
./mergedHard/EQ_is_prime3EQ_UnchLoop/libB: equiv,60.7030 , equiv,30.8906 , timeout,200.0000
./mergedHard/EQ_is_prime3EQ_odd/libA: not equiv,2.2302  , not equiv,2.6642  , not equiv,0.8575  
./mergedHard/EQ_is_prime3EQ_odd/libB: equiv,2.9002  , equiv,5.0562  , not equiv,0.9740  
./mergedHard/EQ_is_prime3EQ_pos/libA: not equiv,3.3128  , not equiv,4.3303  , equiv,1.8187  
./mergedHard/EQ_is_prime3EQ_pos/libB: not equiv,1.4529  , not equiv,2.2105  , not equiv,0.3423  
./mergedHard/EQ_is_prime3EQ_pos2/libA: not equiv,2.6219  , not equiv,4.6509  , equiv,1.8601  
./mergedHard/EQ_is_prime3EQ_pos2/libB: equiv,112.6622, equiv,40.8572 , timeout,200.0000
./mergedHard/EQ_is_prime3EXTRA_prime_sum/libA: equiv,1.6725  , equiv,1.3796  , not equiv,0.6657  
./mergedHard/EQ_is_prime3EXTRA_prime_sum/libB: equiv,37.4384 , equiv,36.6287 , timeout,200.0000
./mergedHard/EQ_ltfiveBoundEQ_UnchLoop/libA: equiv,0.3329  , equiv,0.4309  , equiv,0.1525  
./mergedHard/EQ_ltfiveBoundEQ_UnchLoop/libB: timeout,200.0000, timeout,200.0000, equiv,19.6973 
./mergedHard/EQ_ltfiveBoundEQ_odd/libA: not equiv,0.6583  , not equiv,0.9534  , not equiv,0.1711  
./mergedHard/EQ_ltfiveBoundEQ_odd/libB: not equiv,1.5151  , not equiv,1.9591  , timeout,200.0000
./mergedHard/EQ_ltfiveBoundEQ_pos/libA: not equiv,0.6877  , not equiv,1.0084  , not equiv,0.1768  
./mergedHard/EQ_ltfiveBoundEQ_pos/libB: not equiv,1.2541  , not equiv,1.6387  , not equiv,0.4499  
./mergedHard/EQ_ltfiveBoundEQ_pos2/libA: not equiv,0.6973  , not equiv,1.0719  , not equiv,0.1804  
./mergedHard/EQ_ltfiveBoundEQ_pos2/libB: equiv,44.7197 , equiv,45.3382 , timeout,200.0000
./mergedHard/EQ_ltfiveBoundEXTRA_prime_sum/libA: equiv,11.3989 , equiv,11.4080 , timeout,200.0000
./mergedHard/EQ_ltfiveBoundEXTRA_prime_sum/libB: timeout,200.0000, not equiv,66.8391 , not equiv,87.4262 
./mergedHard/EQ_ltfiveEQ_UnchLoop/libA: not equiv,0.5602  , not equiv,0.8873  , not equiv,0.1580  
./mergedHard/EQ_ltfiveEQ_UnchLoop/libB: equiv,0.3593  , equiv,0.5118  , timeout,200.0000
./mergedHard/EQ_ltfiveEQ_odd/libA: not equiv,0.6306  , not equiv,0.9744  , not equiv,0.2044  
./mergedHard/EQ_ltfiveEQ_odd/libB: not equiv,2.1399  , not equiv,2.4918  , not equiv,9.9050  
./mergedHard/EQ_ltfiveEQ_pos/libA: not equiv,0.6744  , not equiv,1.0278  , not equiv,0.1952  
./mergedHard/EQ_ltfiveEQ_pos/libB: not equiv,0.8567  , not equiv,1.2013  , not equiv,0.3433  
./mergedHard/EQ_ltfiveEQ_pos2/libA: not equiv,0.6652  , not equiv,0.9591  , not equiv,0.1906  
./mergedHard/EQ_ltfiveEQ_pos2/libB: equiv,44.5698 , equiv,44.9302 , timeout,200.0000
./mergedHard/EQ_ltfiveEXTRA_prime_sum/libA: not equiv,1.1136  , not equiv,1.7772  , not equiv,0.1793  
./mergedHard/EQ_ltfiveEXTRA_prime_sum/libB: not equiv,53.2950 , not equiv,54.2070 , timeout,200.0000
./mergedHard/EQ_multipleBoundEQ_UnchLoop/libA: not equiv,0.6402  , not equiv,0.9774  , not equiv,0.2021  
./mergedHard/EQ_multipleBoundEQ_UnchLoop/libB: timeout,200.0000, timeout,200.0000, timeout,200.0000
./mergedHard/EQ_multipleBoundEQ_odd/libA: not equiv,0.8868  , not equiv,1.2282  , not equiv,0.3798  
./mergedHard/EQ_multipleBoundEQ_odd/libB: equiv,3.0589  , equiv,3.4048  , timeout,200.0000
./mergedHard/EQ_multipleBoundEQ_pos/libA: not equiv,0.7306  , not equiv,1.1512  , not equiv,0.2407  
./mergedHard/EQ_multipleBoundEQ_pos/libB: not equiv,1.3482  , not equiv,1.7038  , not equiv,0.6667  
./mergedHard/EQ_multipleBoundEQ_pos2/libA: not equiv,0.8044  , not equiv,1.1387  , not equiv,0.2322  
./mergedHard/EQ_multipleBoundEQ_pos2/libB: equiv,37.8901 , equiv,38.2600 , timeout,200.0000
./mergedHard/EQ_multipleBoundEXTRA_prime_sum/libA: not equiv,2.9560  , not equiv,2.8093  , not equiv,0.3307  
./mergedHard/EQ_multipleBoundEXTRA_prime_sum/libB: equiv,35.6256 , equiv,25.9307 , timeout,200.0000
./mergedHard/EQ_multipleEQ_UnchLoop/libA: not equiv,0.6013  , not equiv,0.9216  , not equiv,0.2418  
./mergedHard/EQ_multipleEQ_UnchLoop/libB: equiv,0.2476  , equiv,0.4233  , timeout,200.0000
./mergedHard/EQ_multipleEQ_odd/libA: not equiv,2.4277  , not equiv,3.5658  , not equiv,0.3617  
./mergedHard/EQ_multipleEQ_odd/libB: timeout,200.0000, equiv,3.4444  , timeout,200.0000
./mergedHard/EQ_multipleEQ_pos/libA: not equiv,0.7962  , not equiv,1.1479  , not equiv,0.2964  
./mergedHard/EQ_multipleEQ_pos/libB: not equiv,0.6106  , not equiv,0.9273  , not equiv,0.2569  
./mergedHard/EQ_multipleEQ_pos2/libA: not equiv,0.8025  , not equiv,1.1597  , not equiv,0.3019  
./mergedHard/EQ_multipleEQ_pos2/libB: equiv,37.6551 , equiv,38.0788 , timeout,200.0000
./mergedHard/EQ_multipleEXTRA_prime_sum/libA: not equiv,1.1960  , not equiv,1.8138  , not equiv,0.2542  
./mergedHard/EQ_multipleEXTRA_prime_sum/libB: equiv,46.2170 , equiv,42.4491 , timeout,200.0000
./mergedHard/EQ_oddEQ_Add/libA: equiv,1.8285  , equiv,2.1385  , timeout,200.0000
./mergedHard/EQ_oddEQ_Add/libB: equiv,0.2064  , equiv,0.3532  , equiv,0.1114  
./mergedHard/EQ_oddEQ_Const/libA: equiv,1.7958  , equiv,2.1523  , timeout,200.0000
./mergedHard/EQ_oddEQ_Const/libB: equiv,0.2123  , equiv,0.3189  , equiv,0.1035  
./mergedHard/EQ_oddEQ_LoopMult20/libA: not equiv,1.1258  , not equiv,1.5316  , not equiv,0.4148  
./mergedHard/EQ_oddEQ_LoopMult20/libB: timeout,200.0000, timeout,200.0000, timeout,200.0000
./mergedHard/EQ_oddEQ_LoopUnreach20/libA: not equiv,1.1442  , not equiv,1.5149  , not equiv,0.4142  
./mergedHard/EQ_oddEQ_LoopUnreach20/libB: equiv,0.2583  , equiv,0.4007  , equiv,0.1319  
./mergedHard/EQ_oddEQ_UnchLoop/libA: equiv,1.8033  , equiv,2.1795  , timeout,200.0000
./mergedHard/EQ_oddEQ_UnchLoop/libB: equiv,0.2640  , equiv,0.3773  , timeout,200.0000
./mergedHard/EQ_oddEQ_divide/libA: not equiv,0.8064  , not equiv,1.1410  , not equiv,0.5103  
./mergedHard/EQ_oddEQ_divide/libB: equiv,0.2553  , equiv,0.4060  , equiv,0.1467  
./mergedHard/EQ_oddEQ_getSign2/libA: not equiv,1.1531  , not equiv,1.5367  , not equiv,0.5737  
./mergedHard/EQ_oddEQ_getSign2/libB: not equiv,0.4890  , not equiv,0.8584  , not equiv,0.1518  
./mergedHard/EQ_oddEQ_is_prime1/libA: equiv,1.5044  , equiv,2.3118  , not equiv,0.4235  
./mergedHard/EQ_oddEQ_is_prime1/libB: equiv,0.1891  , equiv,0.2905  , not equiv,0.2206  
./mergedHard/EQ_oddEQ_is_prime3/libA: equiv,3.0796  , equiv,3.7405  , equiv,0.1127  
./mergedHard/EQ_oddEQ_is_prime3/libB: equiv,1.4491  , equiv,1.1061  , equiv,0.1006  
./mergedHard/EQ_oddEQ_ltfive/libA: equiv,0.6687  , equiv,0.8356  , not equiv,2.1008  
./mergedHard/EQ_oddEQ_ltfive/libB: not equiv,0.6318  , not equiv,0.9566  , not equiv,0.1941  
./mergedHard/EQ_oddEQ_ltfiveBound/libA: not equiv,1.7727  , not equiv,2.1351  , not equiv,1.6769  
./mergedHard/EQ_oddEQ_ltfiveBound/libB: not equiv,0.6489  , not equiv,1.0235  , not equiv,0.1749  
./mergedHard/EQ_oddEQ_multiple/libA: equiv,3.2828  , equiv,3.6672  , timeout,200.0000
./mergedHard/EQ_oddEQ_multiple/libB: not equiv,0.8629  , not equiv,1.1997  , not equiv,0.3476  
./mergedHard/EQ_oddEQ_multipleBound/libA: equiv,3.5418  , equiv,3.9355  , timeout,200.0000
./mergedHard/EQ_oddEQ_multipleBound/libB: not equiv,0.8626  , not equiv,1.2176  , not equiv,0.3114  
./mergedHard/EQ_oddEQ_odd/libA: equiv,3.0683  , equiv,3.4358  , timeout,200.0000
./mergedHard/EQ_oddEQ_odd/libB: equiv,3.1088  , timeout,200.0000, timeout,200.0000
./mergedHard/EQ_oddEQ_one/libA: not equiv,0.9610  , not equiv,1.2733  , not equiv,0.8672  
./mergedHard/EQ_oddEQ_one/libB: not equiv,0.5808  , not equiv,0.8996  , not equiv,0.1693  
./mergedHard/EQ_oddEQ_oneBound/libA: not equiv,1.7045  , not equiv,2.0943  , not equiv,0.9197  
./mergedHard/EQ_oddEQ_oneBound/libB: not equiv,0.5829  , not equiv,0.9299  , not equiv,0.1740  
./mergedHard/EQ_oddEQ_oneN2/libA: not equiv,0.9342  , not equiv,1.3268  , not equiv,0.8559  
./mergedHard/EQ_oddEQ_oneN2/libB: not equiv,0.6032  , not equiv,0.9253  , not equiv,0.1927  
./mergedHard/EQ_oddEQ_pos/libA: not equiv,0.8913  , not equiv,1.2470  , not equiv,0.6980  
./mergedHard/EQ_oddEQ_pos/libB: not equiv,0.6275  , not equiv,0.9632  , not equiv,0.2486  
./mergedHard/EQ_oddEQ_pos2/libA: not equiv,0.8948  , not equiv,1.2395  , not equiv,0.7034  
./mergedHard/EQ_oddEQ_pos2/libB: equiv,37.6665 , equiv,37.9821 , timeout,200.0000
./mergedHard/EQ_oddEXTRA_prime_sum/libA: equiv,3.6591  , equiv,3.8016  , timeout,200.0000
./mergedHard/EQ_oddEXTRA_prime_sum/libB: equiv,6.2068  , equiv,4.6416  , timeout,200.0000
./mergedHard/EQ_oddNEQ_LoopMult20/libA: not equiv,1.1623  , not equiv,1.4719  , not equiv,0.4122  
./mergedHard/EQ_oddNEQ_LoopMult20/libB: not equiv,0.7651  , not equiv,1.0695  , not equiv,0.3600  
./mergedHard/EQ_oddNEQ_LoopUnreach20/libA: not equiv,1.1244  , not equiv,1.4753  , not equiv,0.4178  
./mergedHard/EQ_oddNEQ_LoopUnreach20/libB: not equiv,0.4846  , not equiv,0.8339  , not equiv,0.1390  
./mergedHard/EQ_oddNEQ_getSign/libA: not equiv,0.7667  , not equiv,1.0916  , not equiv,0.4240  
./mergedHard/EQ_oddNEQ_getSign/libB: not equiv,0.4789  , not equiv,0.8079  , not equiv,0.1413  
./mergedHard/EQ_oneBoundEQ_UnchLoop/libA: not equiv,0.4979  , not equiv,0.8421  , not equiv,0.1315  
./mergedHard/EQ_oneBoundEQ_UnchLoop/libB: equiv,0.2976  , equiv,0.4127  , equiv,2.6435  
./mergedHard/EQ_oneBoundEQ_odd/libA: not equiv,0.6238  , not equiv,0.9768  , not equiv,0.1827  
./mergedHard/EQ_oneBoundEQ_odd/libB: not equiv,1.4118  , not equiv,1.7418  , not equiv,13.6190 
./mergedHard/EQ_oneBoundEQ_pos/libA: not equiv,0.6681  , not equiv,0.9356  , not equiv,0.1713  
./mergedHard/EQ_oneBoundEQ_pos/libB: equiv,4.6888  , equiv,5.0761  , timeout,200.0000
./mergedHard/EQ_oneBoundEQ_pos2/libA: not equiv,0.6585  , not equiv,0.9973  , not equiv,0.1745  
./mergedHard/EQ_oneBoundEQ_pos2/libB: equiv,45.6951 , equiv,45.9295 , timeout,200.0000
./mergedHard/EQ_oneBoundEXTRA_prime_sum/libA: not equiv,4.2155  , not equiv,2.1069  , not equiv,0.1836  
./mergedHard/EQ_oneBoundEXTRA_prime_sum/libB: equiv,9.5257  , equiv,5.3523  , timeout,200.0000
./mergedHard/EQ_oneEQ_UnchLoop/libA: not equiv,0.5138  , not equiv,0.7709  , not equiv,0.1423  
./mergedHard/EQ_oneEQ_UnchLoop/libB: equiv,0.2780  , equiv,0.4270  , timeout,200.0000
./mergedHard/EQ_oneEQ_odd/libA: not equiv,0.5745  , not equiv,0.9039  , not equiv,0.1589  
./mergedHard/EQ_oneEQ_odd/libB: not equiv,0.9288  , not equiv,1.2696  , not equiv,1.1165  
./mergedHard/EQ_oneEQ_pos/libA: not equiv,0.6304  , not equiv,0.9297  , not equiv,0.1697  
./mergedHard/EQ_oneEQ_pos/libB: equiv,4.5615  , equiv,4.9818  , timeout,200.0000
./mergedHard/EQ_oneEQ_pos2/libA: not equiv,0.6248  , not equiv,0.8597  , not equiv,0.1650  
./mergedHard/EQ_oneEQ_pos2/libB: equiv,45.3569 , equiv,45.6629 , timeout,200.0000
./mergedHard/EQ_oneEXTRA_prime_sum/libA: not equiv,0.9793  , not equiv,1.7193  , not equiv,0.1712  
./mergedHard/EQ_oneEXTRA_prime_sum/libB: equiv,9.6197  , equiv,5.1635  , timeout,200.0000
./mergedHard/EQ_oneN2EQ_UnchLoop/libA: not equiv,0.5058  , not equiv,0.8272  , not equiv,0.1381  
./mergedHard/EQ_oneN2EQ_UnchLoop/libB: equiv,0.2727  , equiv,0.4211  , timeout,200.0000
./mergedHard/EQ_oneN2EQ_odd/libA: not equiv,0.6138  , not equiv,0.9594  , not equiv,0.1852  
./mergedHard/EQ_oneN2EQ_odd/libB: not equiv,0.9208  , not equiv,1.2319  , not equiv,1.1113  
./mergedHard/EQ_oneN2EQ_pos/libA: not equiv,0.6221  , not equiv,0.9281  , not equiv,0.1796  
./mergedHard/EQ_oneN2EQ_pos/libB: equiv,4.5695  , equiv,5.0072  , timeout,200.0000
./mergedHard/EQ_oneN2EQ_pos2/libA: not equiv,0.6236  , not equiv,0.9343  , not equiv,0.1789  
./mergedHard/EQ_oneN2EQ_pos2/libB: equiv,45.3795 , equiv,45.7484 , timeout,200.0000
./mergedHard/EQ_oneN2EXTRA_prime_sum/libA: not equiv,1.0090  , not equiv,1.6677  , not equiv,0.1742  
./mergedHard/EQ_oneN2EXTRA_prime_sum/libB: equiv,9.5993  , equiv,5.2028  , timeout,200.0000
./mergedHard/EQ_pos2EQ_Add/libA: equiv,33.0645 , equiv,33.3903 , timeout,200.0000
./mergedHard/EQ_pos2EQ_Add/libB: equiv,0.2453  , equiv,0.3786  , equiv,0.1122  
./mergedHard/EQ_pos2EQ_Const/libA: equiv,33.0427 , equiv,33.3861 , timeout,200.0000
./mergedHard/EQ_pos2EQ_Const/libB: equiv,0.2492  , equiv,0.3843  , equiv,0.1143  
./mergedHard/EQ_pos2EQ_LoopMult20/libA: equiv,37.7100 , equiv,38.1409 , timeout,200.0000
./mergedHard/EQ_pos2EQ_LoopMult20/libB: equiv,0.6670  , equiv,0.8092  , equiv,0.2866  
./mergedHard/EQ_pos2EQ_LoopUnreach20/libA: equiv,37.7338 , equiv,38.1735 , timeout,200.0000
./mergedHard/EQ_pos2EQ_LoopUnreach20/libB: equiv,0.3337  , equiv,0.4734  , equiv,0.1549  
./mergedHard/EQ_pos2EQ_UnchLoop/libA: equiv,32.9983 , equiv,33.3995 , timeout,200.0000
./mergedHard/EQ_pos2EQ_UnchLoop/libB: equiv,0.2639  , equiv,0.3873  , equiv,0.1184  
./mergedHard/EQ_pos2EQ_divide/libA: equiv,37.8776 , equiv,38.2486 , timeout,200.0000
./mergedHard/EQ_pos2EQ_divide/libB: equiv,0.3080  , equiv,0.4340  , equiv,0.1309  
./mergedHard/EQ_pos2EQ_getSign2/libA: equiv,37.7672 , equiv,38.1211 , timeout,200.0000
./mergedHard/EQ_pos2EQ_getSign2/libB: not equiv,0.5852  , not equiv,0.9475  , not equiv,0.1696  
./mergedHard/EQ_pos2EQ_is_prime1/libA: equiv,38.2774 , equiv,38.8885 , timeout,200.0000
./mergedHard/EQ_pos2EQ_is_prime1/libB: equiv,0.2472  , equiv,0.4036  , equiv,1.1956  
./mergedHard/EQ_pos2EQ_is_prime3/libA: equiv,93.6608 , equiv,32.1980 , equiv,0.1096  
./mergedHard/EQ_pos2EQ_is_prime3/libB: equiv,2.1303  , equiv,1.2914  , equiv,0.0986  
./mergedHard/EQ_pos2EQ_ltfive/libA: equiv,45.2003 , equiv,45.7673 , timeout,200.0000
./mergedHard/EQ_pos2EQ_ltfive/libB: not equiv,0.6776  , not equiv,1.0249  , not equiv,0.1929  
./mergedHard/EQ_pos2EQ_ltfiveBound/libA: equiv,44.5000 , equiv,44.9944 , timeout,200.0000
./mergedHard/EQ_pos2EQ_ltfiveBound/libB: not equiv,0.7029  , not equiv,1.0601  , not equiv,0.1758  
./mergedHard/EQ_pos2EQ_multiple/libA: equiv,37.8997 , equiv,38.2506 , timeout,200.0000
./mergedHard/EQ_pos2EQ_multiple/libB: not equiv,0.8375  , not equiv,1.1208  , not equiv,0.2490  
./mergedHard/EQ_pos2EQ_multipleBound/libA: equiv,38.0262 , equiv,38.4485 , timeout,200.0000
./mergedHard/EQ_pos2EQ_multipleBound/libB: not equiv,0.8215  , not equiv,1.1224  , not equiv,0.2615  
./mergedHard/EQ_pos2EQ_odd/libA: equiv,37.8931 , equiv,38.2209 , timeout,200.0000
./mergedHard/EQ_pos2EQ_odd/libB: not equiv,0.8795  , not equiv,1.1921  , not equiv,1.0988  
./mergedHard/EQ_pos2EQ_one/libA: equiv,45.1879 , equiv,45.7035 , timeout,200.0000
./mergedHard/EQ_pos2EQ_one/libB: not equiv,0.6104  , not equiv,0.8462  , not equiv,0.1627  
./mergedHard/EQ_pos2EQ_oneBound/libA: equiv,45.3851 , equiv,45.9799 , timeout,200.0000
./mergedHard/EQ_pos2EQ_oneBound/libB: not equiv,0.6420  , not equiv,0.9446  , not equiv,0.1767  
./mergedHard/EQ_pos2EQ_oneN2/libA: equiv,45.2575 , equiv,45.7082 , timeout,200.0000
./mergedHard/EQ_pos2EQ_oneN2/libB: not equiv,0.6341  , not equiv,0.9386  , not equiv,0.1719  
./mergedHard/EQ_pos2EQ_pos/libA: equiv,43.3154 , equiv,43.5599 , timeout,200.0000
./mergedHard/EQ_pos2EQ_pos/libB: equiv,3.8972  , equiv,4.2060  , timeout,200.0000
./mergedHard/EQ_pos2EQ_pos2/libA: equiv,43.1589 , equiv,43.5804 , timeout,200.0000
./mergedHard/EQ_pos2EQ_pos2/libB: equiv,43.1736 , equiv,43.5503 , timeout,200.0000
./mergedHard/EQ_pos2EXTRA_prime_sum/libA: equiv,93.6688 , equiv,32.1307 , timeout,200.0000
./mergedHard/EQ_pos2EXTRA_prime_sum/libB: equiv,9.2479  , equiv,4.9081  , timeout,200.0000
./mergedHard/EQ_pos2NEQ_LoopMult20/libA: equiv,37.7233 , equiv,38.1538 , timeout,200.0000
./mergedHard/EQ_pos2NEQ_LoopMult20/libB: not equiv,0.7987  , not equiv,1.0975  , not equiv,0.2529  
./mergedHard/EQ_pos2NEQ_LoopUnreach20/libA: equiv,37.7489 , equiv,38.1080 , timeout,200.0000
./mergedHard/EQ_pos2NEQ_LoopUnreach20/libB: not equiv,0.5962  , not equiv,0.9140  , not equiv,0.1570  
./mergedHard/EQ_pos2NEQ_getSign/libA: equiv,38.2794 , equiv,38.7692 , timeout,200.0000
./mergedHard/EQ_pos2NEQ_getSign/libB: not equiv,0.5582  , not equiv,0.8692  , not equiv,0.1739  
./mergedHard/EQ_posEQ_Add/libA: not equiv,0.5270  , not equiv,0.8680  , not equiv,0.1610  
./mergedHard/EQ_posEQ_Add/libB: equiv,0.2215  , equiv,0.3656  , equiv,0.1067  
./mergedHard/EQ_posEQ_Const/libA: not equiv,0.5376  , not equiv,0.8869  , not equiv,0.1669  
./mergedHard/EQ_posEQ_Const/libB: equiv,0.2322  , equiv,0.4010  , equiv,0.1138  
./mergedHard/EQ_posEQ_LoopMult20/libA: not equiv,0.6171  , not equiv,0.9341  , not equiv,0.2389  
./mergedHard/EQ_posEQ_LoopMult20/libB: equiv,0.6462  , equiv,0.8661  , equiv,0.2891  
./mergedHard/EQ_posEQ_LoopUnreach20/libA: not equiv,0.6168  , not equiv,1.0156  , not equiv,0.2380  
./mergedHard/EQ_posEQ_LoopUnreach20/libB: equiv,0.3156  , equiv,0.4684  , equiv,0.1514  
./mergedHard/EQ_posEQ_UnchLoop/libA: not equiv,0.5184  , not equiv,0.8787  , not equiv,0.1643  
./mergedHard/EQ_posEQ_UnchLoop/libB: equiv,0.2445  , equiv,0.3561  , equiv,0.1155  
./mergedHard/EQ_posEQ_divide/libA: not equiv,0.6348  , not equiv,1.0307  , not equiv,0.2536  
./mergedHard/EQ_posEQ_divide/libB: equiv,0.2819  , equiv,0.4215  , equiv,0.1332  
./mergedHard/EQ_posEQ_getSign2/libA: not equiv,0.6104  , not equiv,0.9311  , not equiv,0.2276  
./mergedHard/EQ_posEQ_getSign2/libB: not equiv,0.5702  , not equiv,0.9477  , not equiv,0.1703  
./mergedHard/EQ_posEQ_is_prime1/libA: not equiv,0.5587  , not equiv,0.9023  , not equiv,0.2332  
./mergedHard/EQ_posEQ_is_prime1/libB: equiv,0.2259  , equiv,0.3861  , equiv,1.1602  
./mergedHard/EQ_posEQ_is_prime3/libA: equiv,3.4605  , equiv,3.1053  , equiv,0.0892  
./mergedHard/EQ_posEQ_is_prime3/libB: equiv,2.1416  , equiv,1.2486  , equiv,0.0946  
./mergedHard/EQ_posEQ_ltfive/libA: not equiv,0.7142  , not equiv,1.0532  , not equiv,0.3156  
./mergedHard/EQ_posEQ_ltfive/libB: not equiv,0.6715  , not equiv,1.0178  , not equiv,0.1955  
./mergedHard/EQ_posEQ_ltfiveBound/libA: not equiv,1.2114  , not equiv,1.6206  , not equiv,0.2911  
./mergedHard/EQ_posEQ_ltfiveBound/libB: not equiv,0.6623  , not equiv,1.0301  , not equiv,0.1805  
./mergedHard/EQ_posEQ_multiple/libA: timeout,200.0000, timeout,200.0000, not equiv,0.2680  
./mergedHard/EQ_posEQ_multiple/libB: not equiv,0.7905  , not equiv,1.2311  , not equiv,0.2800  
./mergedHard/EQ_posEQ_multipleBound/libA: not equiv,0.9110  , not equiv,1.3715  , not equiv,0.3781  
./mergedHard/EQ_posEQ_multipleBound/libB: not equiv,0.7845  , not equiv,1.2146  , not equiv,0.2590  
./mergedHard/EQ_posEQ_odd/libA: not equiv,0.6599  , not equiv,1.0201  , not equiv,0.2419  
./mergedHard/EQ_posEQ_odd/libB: not equiv,0.8666  , not equiv,1.2228  , not equiv,1.2051  
./mergedHard/EQ_posEQ_one/libA: equiv,0.4494  , equiv,0.6275  , timeout,200.0000
./mergedHard/EQ_posEQ_one/libB: not equiv,0.5700  , not equiv,0.9510  , not equiv,0.1678  
./mergedHard/EQ_posEQ_oneBound/libA: equiv,4.4463  , equiv,4.8331  , timeout,200.0000
./mergedHard/EQ_posEQ_oneBound/libB: not equiv,0.6543  , not equiv,0.9397  , not equiv,0.1761  
./mergedHard/EQ_posEQ_oneN2/libA: equiv,0.4121  , equiv,0.5256  , timeout,200.0000
./mergedHard/EQ_posEQ_oneN2/libB: not equiv,0.6403  , not equiv,0.8534  , not equiv,0.1641  
./mergedHard/EQ_posEQ_pos/libA: equiv,3.9318  , equiv,4.2092  , timeout,200.0000
./mergedHard/EQ_posEQ_pos/libB: equiv,3.8724  , equiv,4.2047  , timeout,200.0000
./mergedHard/EQ_posEQ_pos2/libA: equiv,3.8632  , equiv,4.2211  , timeout,200.0000
./mergedHard/EQ_posEQ_pos2/libB: equiv,43.1789 , equiv,43.4102 , timeout,200.0000
./mergedHard/EQ_posEXTRA_prime_sum/libA: not equiv,13.2176 , not equiv,11.6777 , not equiv,0.3004  
./mergedHard/EQ_posEXTRA_prime_sum/libB: equiv,9.1482  , equiv,5.0877  , timeout,200.0000
./mergedHard/EQ_posNEQ_LoopMult20/libA: not equiv,0.6389  , not equiv,1.0196  , not equiv,0.2400  
./mergedHard/EQ_posNEQ_LoopMult20/libB: not equiv,0.7775  , not equiv,1.1113  , not equiv,0.2488  
./mergedHard/EQ_posNEQ_LoopUnreach20/libA: not equiv,0.6181  , not equiv,0.9931  , not equiv,0.2347  
./mergedHard/EQ_posNEQ_LoopUnreach20/libB: not equiv,0.5751  , not equiv,0.9546  , not equiv,0.1587  
./mergedHard/EQ_posNEQ_getSign/libA: not equiv,0.5594  , not equiv,0.8882  , not equiv,0.2281  
./mergedHard/EQ_posNEQ_getSign/libB: not equiv,0.5476  , not equiv,0.8743  , not equiv,0.1744  
./mergedHard/EXTRA_prime_sumEQ_Add/libA: not equiv,5.9443  , not equiv,4.0231  , not equiv,0.1402  
./mergedHard/EXTRA_prime_sumEQ_Add/libB: equiv,0.3118  , equiv,0.4055  , timeout,200.0000
./mergedHard/EXTRA_prime_sumEQ_Const/libA: not equiv,5.9472  , not equiv,4.4595  , not equiv,0.1297  
./mergedHard/EXTRA_prime_sumEQ_Const/libB: equiv,0.3037  , equiv,0.4848  , timeout,200.0000
./mergedHard/EXTRA_prime_sumEQ_LoopMult20/libA: not equiv,88.2835 , not equiv,87.1290 , not equiv,2.5218  
./mergedHard/EXTRA_prime_sumEQ_LoopMult20/libB: timeout,200.0000, timeout,200.0000, timeout,200.0000
./mergedHard/EXTRA_prime_sumEQ_LoopUnreach20/libA: not equiv,87.4301 , not equiv,90.5088 , not equiv,2.5267  
./mergedHard/EXTRA_prime_sumEQ_LoopUnreach20/libB: equiv,2.1747  , equiv,2.5381  , timeout,200.0000
./mergedHard/EXTRA_prime_sumEQ_UnchLoop/libA: not equiv,5.9860  , not equiv,4.0648  , not equiv,0.1300  
./mergedHard/EXTRA_prime_sumEQ_UnchLoop/libB: equiv,60.6983 , equiv,30.9394 , timeout,200.0000
./mergedHard/EXTRA_prime_sumEQ_divide/libA: not equiv,43.8799 , not equiv,49.2313 , not equiv,52.5179 
./mergedHard/EXTRA_prime_sumEQ_divide/libB: equiv,0.3915  , equiv,0.4177  , equiv,0.1186  
./mergedHard/EXTRA_prime_sumEQ_getSign2/libA: not equiv,43.7889 , not equiv,55.2583 , not equiv,107.0200
./mergedHard/EXTRA_prime_sumEQ_getSign2/libB: equiv,2.0095  , equiv,2.1388  , timeout,200.0000
./mergedHard/EXTRA_prime_sumEQ_is_prime1/libA: not equiv,44.8816 , not equiv,48.6108 , not equiv,70.9945 
./mergedHard/EXTRA_prime_sumEQ_is_prime1/libB: equiv,0.3294  , equiv,0.4053  , not equiv,0.1635  
./mergedHard/EXTRA_prime_sumEQ_is_prime3/libA: equiv,7.8112  , equiv,6.5310  , equiv,0.1108  
./mergedHard/EXTRA_prime_sumEQ_is_prime3/libB: equiv,1.4264  , equiv,1.1321  , equiv,0.0995  
./mergedHard/EXTRA_prime_sumEQ_ltfive/libA: equiv,9.3726  , equiv,5.1942  , timeout,200.0000
./mergedHard/EXTRA_prime_sumEQ_ltfive/libB: not equiv,2.0224  , not equiv,2.0578  , not equiv,0.1830  
./mergedHard/EXTRA_prime_sumEQ_ltfiveBound/libA: not equiv,79.8974 , not equiv,88.7959 , not equiv,87.7994 
./mergedHard/EXTRA_prime_sumEQ_ltfiveBound/libB: equiv,44.7001 , equiv,47.6985 , timeout,200.0000
./mergedHard/EXTRA_prime_sumEQ_multiple/libA: equiv,43.7105 , equiv,43.1222 , timeout,200.0000
./mergedHard/EXTRA_prime_sumEQ_multiple/libB: not equiv,11.0336 , not equiv,8.1999  , not equiv,0.2655  
./mergedHard/EXTRA_prime_sumEQ_multipleBound/libA: equiv,27.6020 , equiv,26.2410 , timeout,200.0000
./mergedHard/EXTRA_prime_sumEQ_multipleBound/libB: not equiv,15.5699 , not equiv,17.4109 , not equiv,0.4011  
./mergedHard/EXTRA_prime_sumEQ_odd/libA: equiv,6.1841  , equiv,4.6795  , timeout,200.0000
./mergedHard/EXTRA_prime_sumEQ_odd/libB: equiv,2.2901  , equiv,2.4090  , timeout,200.0000
./mergedHard/EXTRA_prime_sumEQ_one/libA: equiv,9.5973  , equiv,5.1615  , timeout,200.0000
./mergedHard/EXTRA_prime_sumEQ_one/libB: not equiv,1.8315  , not equiv,1.7083  , not equiv,0.1609  
./mergedHard/EXTRA_prime_sumEQ_oneBound/libA: equiv,9.6732  , equiv,5.3258  , timeout,200.0000
./mergedHard/EXTRA_prime_sumEQ_oneBound/libB: not equiv,6.6194  , not equiv,8.4893  , not equiv,0.2039  
./mergedHard/EXTRA_prime_sumEQ_oneN2/libA: equiv,9.5873  , equiv,5.2800  , timeout,200.0000
./mergedHard/EXTRA_prime_sumEQ_oneN2/libB: not equiv,1.1374  , not equiv,1.7968  , not equiv,0.1675  
./mergedHard/EXTRA_prime_sumEQ_pos/libA: equiv,9.2538  , equiv,5.1795  , timeout,200.0000
./mergedHard/EXTRA_prime_sumEQ_pos/libB: not equiv,23.4526 , not equiv,25.4690 , not equiv,0.5128  
./mergedHard/EXTRA_prime_sumEQ_pos2/libA: equiv,9.2687  , equiv,5.1028  , timeout,200.0000
./mergedHard/EXTRA_prime_sumEQ_pos2/libB: equiv,93.5936 , equiv,32.0891 , timeout,200.0000
./mergedHard/EXTRA_prime_sumEXTRA_prime_sum/libA: equiv,6.3132  , equiv,4.7052  , timeout,200.0000
./mergedHard/EXTRA_prime_sumEXTRA_prime_sum/libB: equiv,6.3102  , equiv,4.6069  , timeout,200.0000
./mergedHard/EXTRA_prime_sumNEQ_LoopMult20/libA: not equiv,80.7456 , not equiv,93.4588 , not equiv,2.5485  
./mergedHard/EXTRA_prime_sumNEQ_LoopMult20/libB: timeout,200.0000, not equiv,4.5097  , not equiv,0.2676  
./mergedHard/EXTRA_prime_sumNEQ_LoopUnreach20/libA: not equiv,92.0942 , not equiv,95.6867 , not equiv,2.5201  
./mergedHard/EXTRA_prime_sumNEQ_LoopUnreach20/libB: not equiv,0.9960  , not equiv,1.6496  , not equiv,0.1481  
./mergedHard/EXTRA_prime_sumNEQ_getSign/libA: not equiv,44.9299 , not equiv,50.9679 , not equiv,70.4710 
./mergedHard/EXTRA_prime_sumNEQ_getSign/libB: not equiv,1.8767  , not equiv,2.0051  , not equiv,0.1461  
./mergedHard/NEQ_LoopMult20EQ_UnchLoop/libA: not equiv,0.5829  , not equiv,0.9625  , not equiv,0.1404  
./mergedHard/NEQ_LoopMult20EQ_UnchLoop/libB: equiv,0.4199  , equiv,0.6458  , equiv,0.2480  
./mergedHard/NEQ_LoopMult20EQ_odd/libA: not equiv,0.7641  , not equiv,1.0746  , not equiv,0.5142  
./mergedHard/NEQ_LoopMult20EQ_odd/libB: not equiv,1.0849  , not equiv,1.4769  , not equiv,2.3404  
./mergedHard/NEQ_LoopMult20EQ_pos/libA: not equiv,0.8105  , not equiv,1.1383  , not equiv,0.2601  
./mergedHard/NEQ_LoopMult20EQ_pos/libB: not equiv,0.6135  , not equiv,0.9579  , not equiv,0.2786  
./mergedHard/NEQ_LoopMult20EQ_pos2/libA: not equiv,0.7901  , not equiv,1.1322  , not equiv,0.2598  
./mergedHard/NEQ_LoopMult20EQ_pos2/libB: equiv,37.6799 , equiv,38.0593 , timeout,200.0000
./mergedHard/NEQ_LoopMult20EXTRA_prime_sum/libA: not equiv,2.5554  , not equiv,4.3740  , not equiv,0.2900  
./mergedHard/NEQ_LoopMult20EXTRA_prime_sum/libB: not equiv,69.5761 , not equiv,77.8802 , not equiv,2.5880  
./mergedHard/NEQ_LoopUnreach20EQ_UnchLoop/libA: not equiv,0.4773  , not equiv,0.7767  , not equiv,0.1214  
./mergedHard/NEQ_LoopUnreach20EQ_UnchLoop/libB: equiv,0.4195  , equiv,0.6004  , equiv,0.2494  
./mergedHard/NEQ_LoopUnreach20EQ_odd/libA: not equiv,0.5089  , not equiv,0.8540  , not equiv,0.1447  
./mergedHard/NEQ_LoopUnreach20EQ_odd/libB: not equiv,1.0858  , not equiv,1.4419  , not equiv,2.3427  
./mergedHard/NEQ_LoopUnreach20EQ_pos/libA: not equiv,0.6015  , not equiv,0.9598  , not equiv,0.1588  
./mergedHard/NEQ_LoopUnreach20EQ_pos/libB: not equiv,0.6164  , not equiv,0.9315  , not equiv,0.2689  
./mergedHard/NEQ_LoopUnreach20EQ_pos2/libA: not equiv,0.5814  , not equiv,0.9231  , not equiv,0.1587  
./mergedHard/NEQ_LoopUnreach20EQ_pos2/libB: equiv,37.7002 , equiv,38.0585 , timeout,200.0000
./mergedHard/NEQ_LoopUnreach20EXTRA_prime_sum/libA: not equiv,0.9324  , not equiv,1.6446  , not equiv,0.1525  
./mergedHard/NEQ_LoopUnreach20EXTRA_prime_sum/libB: not equiv,68.1182 , not equiv,76.3524 , not equiv,2.5746  
./mergedHard/NEQ_getSignEQ_UnchLoop/libA: not equiv,0.4101  , not equiv,0.7171  , not equiv,0.1232  
./mergedHard/NEQ_getSignEQ_UnchLoop/libB: equiv,30.3161 , equiv,30.6995 , timeout,200.0000
./mergedHard/NEQ_getSignEQ_odd/libA: not equiv,0.4963  , not equiv,0.8749  , not equiv,0.1425  
./mergedHard/NEQ_getSignEQ_odd/libB: not equiv,0.7952  , not equiv,1.1021  , not equiv,0.4151  
./mergedHard/NEQ_getSignEQ_pos/libA: not equiv,0.5305  , not equiv,0.8102  , not equiv,0.1735  
./mergedHard/NEQ_getSignEQ_pos/libB: not equiv,0.5594  , not equiv,0.8647  , not equiv,0.2245  
./mergedHard/NEQ_getSignEQ_pos2/libA: not equiv,0.5556  , not equiv,0.8762  , not equiv,0.1705  
./mergedHard/NEQ_getSignEQ_pos2/libB: equiv,38.2916 , equiv,38.6526 , timeout,200.0000
./mergedHard/NEQ_getSignEXTRA_prime_sum/libA: not equiv,1.8845  , not equiv,1.9094  , not equiv,0.1526  
./mergedHard/NEQ_getSignEXTRA_prime_sum/libB: not equiv,43.6284 , not equiv,51.0082 , not equiv,61.7972 
